timestamp,condition_calibration_enabled,condition_system_sensors_initialized,condition_system_hotplug_timeout,condition_system_returned_to_home,condition_auto_mission_available,condition_global_position_valid,condition_home_position_valid,condition_local_position_valid,condition_local_velocity_valid,condition_local_altitude_valid,condition_power_input_valid,condition_battery_healthy,condition_escs_error,circuit_breaker_engaged_power_check,circuit_breaker_engaged_airspd_check,circuit_breaker_engaged_enginefailure_check,circuit_breaker_flight_termination_disabled,circuit_breaker_engaged_usb_check,circuit_breaker_engaged_posfailure_check,circuit_breaker_vtol_fw_arming_check,offboard_control_signal_found_once,offboard_control_signal_lost,offboard_control_set_by_command,rc_signal_found_once,rc_input_blocked,rc_calibration_valid,vtol_transition_failure,usb_connected,avoidance_system_required,avoidance_system_valid
71517335,0,1,1,0,1,1,1,1,1,1,1,1,0,0,0,1,1,0,0,0,0,1,0,1,0,1,0,0,0,0
72522841,0,1,1,0,1,1,1,1,1,1,1,1,0,0,0,1,1,0,0,0,0,1,0,1,0,1,0,0,0,0
73522954,0,1,1,0,1,1,1,1,1,1,1,1,0,0,0,1,1,0,0,0,0,1,0,1,0,1,0,0,0,0
74526781,0,1,1,0,1,1,1,1,1,1,1,1,0,0,0,1,1,0,0,0,0,1,0,1,0,1,0,0,0,0
75530753,0,1,1,0,1,1,1,1,1,1,1,1,0,0,0,1,1,0,0,0,0,1,0,1,0,1,0,0,0,0
77544240,0,1,1,0,1,1,1,1,1,1,1,1,0,0,0,1,1,0,0,0,0,1,0,1,0,1,0,0,0,0
78553004,0,1,1,0,1,1,1,1,1,1,1,1,0,0,0,1,1,0,0,0,0,1,0,1,0,1,0,0,0,0
79556010,0,1,1,0,1,1,1,1,1,1,1,1,0,0,0,1,1,0,0,0,0,1,0,1,0,1,0,0,0,0
80558902,0,1,1,0,1,1,1,1,1,1,1,1,0,0,0,1,1,0,0,0,0,1,0,1,0,1,0,0,0,0
81559346,0,1,1,0,1,1,1,1,1,1,1,1,0,0,0,1,1,0,0,0,0,1,0,1,0,1,0,0,0,0
82570992,0,1,1,0,1,1,1,1,1,1,1,1,0,0,0,1,1,0,0,0,0,1,0,1,0,1,0,0,0,0
83582201,0,1,1,0,1,1,1,1,1,1,1,1,0,0,0,1,1,0,0,0,0,1,0,1,0,1,0,0,0,0
84582368,0,1,1,0,1,1,1,1,1,1,1,1,0,0,0,1,1,0,0,0,0,1,0,1,0,1,0,0,0,0
85592170,0,1,1,0,1,1,1,1,1,1,1,1,0,0,0,1,1,0,0,0,0,1,0,1,0,1,0,0,0,0
86599507,0,1,1,0,1,1,1,1,1,1,1,1,0,0,0,1,1,0,0,0,0,1,0,1,0,1,0,0,0,0
87605346,0,1,1,0,1,1,1,1,1,1,1,1,0,0,0,1,1,0,0,0,0,1,0,1,0,1,0,0,0,0
88608328,0,1,1,0,1,1,1,1,1,1,1,1,0,0,0,1,1,0,0,0,0,1,0,1,0,1,0,0,0,0
89617808,0,1,1,0,1,1,1,1,1,1,1,1,0,0,0,1,1,0,0,0,0,1,0,1,0,1,0,0,0,0
90627381,0,1,1,0,1,1,1,1,1,1,1,1,0,0,0,1,1,0,0,0,0,1,0,1,0,1,0,0,0,0
91635965,0,1,1,0,1,1,1,1,1,1,1,1,0,0,0,1,1,0,0,0,0,1,0,1,0,1,0,0,0,0
92645784,0,1,1,0,1,1,1,1,1,1,1,1,0,0,0,1,1,0,0,0,0,1,0,1,0,1,0,0,0,0
93648258,0,1,1,0,1,1,1,1,1,1,1,1,0,0,0,1,1,0,0,0,0,1,0,1,0,1,0,0,0,0
94657778,0,1,1,0,1,1,1,1,1,1,1,1,0,0,0,1,1,0,0,0,0,1,0,1,0,1,0,0,0,0
95663504,0,1,1,0,1,1,1,1,1,1,1,1,0,0,0,1,1,0,0,0,0,1,0,1,0,1,0,0,0,0
96674962,0,1,1,0,1,1,1,1,1,1,1,1,0,0,0,1,1,0,0,0,0,1,0,1,0,1,0,0,0,0
97683452,0,1,1,0,1,1,1,1,1,1,1,1,0,0,0,1,1,0,0,0,0,1,0,1,0,1,0,0,0,0
98684410,0,1,1,0,1,1,1,1,1,1,1,1,0,0,0,1,1,0,0,0,0,1,0,1,0,1,0,0,0,0
99697213,0,1,1,0,1,1,1,1,1,1,1,1,0,0,0,1,1,0,0,0,0,1,0,1,0,1,0,0,0,0
100703013,0,1,1,0,1,1,1,1,1,1,1,1,0,0,0,1,1,0,0,0,0,1,0,1,0,1,0,0,0,0
101703896,0,1,1,0,1,1,1,1,1,1,1,1,0,0,0,1,1,0,0,0,0,1,0,1,0,1,0,0,0,0
102707123,0,1,1,0,1,1,1,1,1,1,1,1,0,0,0,1,1,0,0,0,0,1,0,1,0,1,0,0,0,0
103707784,0,1,1,0,1,1,1,1,1,1,1,1,0,0,0,1,1,0,0,0,0,1,0,1,0,1,0,0,0,0
104715728,0,1,1,0,1,1,1,1,1,1,1,1,0,0,0,1,1,0,0,0,0,1,0,1,0,1,0,0,0,0
105723293,0,1,1,0,1,1,1,1,1,1,1,1,0,0,0,1,1,0,0,0,0,1,0,1,0,1,0,0,0,0
106727236,0,1,1,0,1,1,1,1,1,1,1,1,0,0,0,1,1,0,0,0,0,1,0,1,0,1,0,0,0,0
107735823,0,1,1,0,1,1,1,1,1,1,1,1,0,0,0,1,1,0,0,0,0,1,0,1,0,1,0,0,0,0
108745109,0,1,1,0,1,1,1,1,1,1,1,1,0,0,0,1,1,0,0,0,0,1,0,1,0,1,0,0,0,0
109756187,0,1,1,0,1,1,1,1,1,1,1,1,0,0,0,1,1,0,0,0,0,1,0,1,0,1,0,0,0,0
110762294,0,1,1,0,1,1,1,1,1,1,1,1,0,0,0,1,1,0,0,0,0,1,0,1,0,1,0,0,0,0
111764511,0,1,1,0,1,1,1,1,1,1,1,1,0,0,0,1,1,0,0,0,0,1,0,1,0,1,0,0,0,0
112765903,0,1,1,0,1,1,1,1,1,1,1,1,0,0,0,1,1,0,0,0,0,1,0,1,0,1,0,0,0,0
113770362,0,1,1,0,1,1,1,1,1,1,1,1,0,0,0,1,1,0,0,0,0,1,0,1,0,1,0,0,0,0
114779120,0,1,1,0,1,1,1,1,1,1,1,1,0,0,0,1,1,0,0,0,0,1,0,1,0,1,0,0,0,0
115790027,0,1,1,0,1,1,1,1,1,1,1,1,0,0,0,1,1,0,0,0,0,1,0,1,0,1,0,0,0,0
116795903,0,1,1,0,1,1,1,1,1,1,1,1,0,0,0,1,1,0,0,0,0,1,0,1,0,1,0,0,0,0
117805470,0,1,1,0,1,1,1,1,1,1,1,1,0,0,0,1,1,0,0,0,0,1,0,1,0,1,0,0,0,0
118811409,0,1,1,0,1,1,1,1,1,1,1,1,0,0,0,1,1,0,0,0,0,1,0,1,0,1,0,0,0,0
119822493,0,1,1,0,1,1,1,1,1,1,1,1,0,0,0,1,1,0,0,0,0,1,0,1,0,1,0,0,0,0
120834071,0,1,1,0,1,1,1,1,1,1,1,1,0,0,0,1,1,0,0,0,0,1,0,1,0,1,0,0,0,0
123860460,0,1,1,0,1,1,1,1,1,1,1,1,0,0,0,1,1,0,0,0,0,1,0,1,0,1,0,0,0,0
124868351,0,1,1,0,1,1,1,1,1,1,1,1,0,0,0,1,1,0,0,0,0,1,0,1,0,1,0,0,0,0
125883421,0,1,1,0,1,1,1,1,1,1,1,1,0,0,0,1,1,0,0,0,0,1,0,1,0,1,0,0,0,0
126890007,0,1,1,0,1,1,1,1,1,1,1,1,0,0,0,1,1,0,0,0,0,1,0,1,0,1,0,0,0,0
127899037,0,1,1,0,1,1,1,1,1,1,1,1,0,0,0,1,1,0,0,0,0,1,0,1,0,1,0,0,0,0
128909136,0,1,1,0,1,1,1,1,1,1,1,1,0,0,0,1,1,0,0,0,0,1,0,1,0,1,0,0,0,0
129912243,0,1,1,0,1,1,1,1,1,1,1,1,0,0,0,1,1,0,0,0,0,1,0,1,0,1,0,0,0,0
130916001,0,1,1,0,1,1,1,1,1,1,1,1,0,0,0,1,1,0,0,0,0,1,0,1,0,1,0,0,0,0
131921836,0,1,1,0,1,1,1,1,1,1,1,1,0,0,0,1,1,0,0,0,0,1,0,1,0,1,0,0,0,0
132929191,0,1,1,0,1,1,1,1,1,1,1,1,0,0,0,1,1,0,0,0,0,1,0,1,0,1,0,0,0,0
133933008,0,1,1,0,1,1,1,1,1,1,1,1,0,0,0,1,1,0,0,0,0,1,0,1,0,1,0,0,0,0
134937742,0,1,1,0,1,1,1,1,1,1,1,1,0,0,0,1,1,0,0,0,0,1,0,1,0,1,0,0,0,0
135721409,0,1,1,0,1,1,1,1,1,1,1,1,0,0,0,1,1,0,0,0,0,1,0,1,0,1,0,0,0,0
136722446,0,1,1,0,1,1,1,1,1,1,1,1,0,0,0,1,1,0,0,0,0,1,0,1,0,1,0,0,0,0
137722893,0,1,1,0,1,1,1,1,1,1,1,1,0,0,0,1,1,0,0,0,0,1,0,1,0,1,0,0,0,0
138724210,0,1,1,0,1,1,1,1,1,1,1,1,0,0,0,1,1,0,0,0,0,1,0,1,0,1,0,0,0,0
139731183,0,1,1,0,1,1,1,1,1,1,1,1,0,0,0,1,1,0,0,0,0,1,0,1,0,1,0,0,0,0
140741405,0,1,1,0,1,1,1,1,1,1,1,1,0,0,0,1,1,0,0,0,0,1,0,1,0,1,0,0,0,0
141750079,0,1,1,0,1,1,1,1,1,1,1,1,0,0,0,1,1,0,0,0,0,1,0,1,0,1,0,0,0,0
142763456,0,1,1,0,1,1,1,1,1,1,1,1,0,0,0,1,1,0,0,0,0,1,0,1,0,1,0,0,0,0
143765392,0,1,1,0,1,1,1,1,1,1,1,1,0,0,0,1,1,0,0,0,0,1,0,1,0,1,0,0,0,0
144772376,0,1,1,0,1,1,1,1,1,1,1,1,0,0,0,1,1,0,0,0,0,1,0,1,0,1,0,0,0,0
145786895,0,1,1,0,1,1,1,1,1,1,1,1,0,0,0,1,1,0,0,0,0,1,0,1,0,1,0,0,0,0
146789082,0,1,1,0,1,1,1,1,1,1,1,1,0,0,0,1,1,0,0,0,0,1,0,1,0,1,0,0,0,0
147798114,0,1,1,0,1,1,1,1,1,1,1,1,0,0,0,1,1,0,0,0,0,1,0,1,0,1,0,0,0,0
148808100,0,1,1,0,1,1,1,1,1,1,1,1,0,0,0,1,1,0,0,0,0,1,0,1,0,1,0,0,0,0
149817043,0,1,1,0,1,1,1,1,1,1,1,1,0,0,0,1,1,0,0,0,0,1,0,1,0,1,0,0,0,0
150817463,0,1,1,0,1,1,1,1,1,1,1,1,0,0,0,1,1,0,0,0,0,1,0,1,0,1,0,0,0,0
151820912,0,1,1,0,1,1,1,1,1,1,1,1,0,0,0,1,1,0,0,0,0,1,0,1,0,1,0,0,0,0
152826371,0,1,1,0,1,1,1,1,1,1,1,1,0,0,0,1,1,0,0,0,0,1,0,1,0,1,0,0,0,0
153829224,0,1,1,0,1,1,1,1,1,1,1,1,0,0,0,1,1,0,0,0,0,1,0,1,0,1,0,0,0,0
154830048,0,1,1,0,1,1,1,1,1,1,1,1,0,0,0,1,1,0,0,0,0,1,0,1,0,1,0,0,0,0
155838938,0,1,1,0,1,1,1,1,1,1,1,1,0,0,0,1,1,0,0,0,0,1,0,1,0,1,0,0,0,0
156843914,0,1,1,0,1,1,1,1,1,1,1,1,0,0,0,1,1,0,0,0,0,1,0,1,0,1,0,0,0,0
157853368,0,1,1,0,1,1,1,1,1,1,1,1,0,0,0,1,1,0,0,0,0,1,0,1,0,1,0,0,0,0
158861305,0,1,1,0,1,1,1,1,1,1,1,1,0,0,0,1,1,0,0,0,0,1,0,1,0,1,0,0,0,0
159868756,0,1,1,0,1,1,1,1,1,1,1,1,0,0,0,1,1,0,0,0,0,1,0,1,0,1,0,0,0,0
160873495,0,1,1,0,1,1,1,1,1,1,1,1,0,0,0,1,1,0,0,0,0,1,0,1,0,1,0,0,0,0
161885321,0,1,1,0,1,1,1,1,1,1,1,1,0,0,0,1,1,0,0,0,0,1,0,1,0,1,0,0,0,0
162885930,0,1,1,0,1,1,1,1,1,1,1,1,0,0,0,1,1,0,0,0,0,1,0,1,0,1,0,0,0,0
163887720,0,1,1,0,1,1,1,1,1,1,1,1,0,0,0,1,1,0,0,0,0,1,0,1,0,1,0,0,0,0
164893998,0,1,1,0,1,1,1,1,1,1,1,1,0,0,0,1,1,0,0,0,0,1,0,1,0,1,0,0,0,0
165902867,0,1,1,0,1,1,1,1,1,1,1,1,0,0,0,1,1,0,0,0,0,1,0,1,0,1,0,0,0,0
166910850,0,1,1,0,1,1,1,1,1,1,1,1,0,0,0,1,1,0,0,0,0,1,0,1,0,1,0,0,0,0
167920281,0,1,1,0,1,1,1,1,1,1,1,1,0,0,0,1,1,0,0,0,0,1,0,1,0,1,0,0,0,0
168926490,0,1,1,0,1,1,1,1,1,1,1,1,0,0,0,1,1,0,0,0,0,1,0,1,0,1,0,0,0,0
169934478,0,1,1,0,1,1,1,1,1,1,1,1,0,0,0,1,1,0,0,0,0,1,0,1,0,1,0,0,0,0
170940299,0,1,1,0,1,1,1,1,1,1,1,1,0,0,0,1,1,0,0,0,0,1,0,1,0,1,0,0,0,0
171951230,0,1,1,0,1,1,1,1,1,1,1,1,0,0,0,1,1,0,0,0,0,1,0,1,0,1,0,0,0,0
172963163,0,1,1,0,1,1,1,1,1,1,1,1,0,0,0,1,1,0,0,0,0,1,0,1,0,1,0,0,0,0
173966254,0,1,1,0,1,1,1,1,1,1,1,1,0,0,0,1,1,0,0,0,0,1,0,1,0,1,0,0,0,0
174977026,0,1,1,0,1,1,1,1,1,1,1,1,0,0,0,1,1,0,0,0,0,1,0,1,0,1,0,0,0,0
175987402,0,1,1,0,1,1,1,1,1,1,1,1,0,0,0,1,1,0,0,0,0,1,0,1,0,1,0,0,0,0
176990349,0,1,1,0,1,1,1,1,1,1,1,1,0,0,0,1,1,0,0,0,0,1,0,1,0,1,0,0,0,0
178000828,0,1,1,0,1,1,1,1,1,1,1,1,0,0,0,1,1,0,0,0,0,1,0,1,0,1,0,0,0,0
179011871,0,1,1,0,1,1,1,1,1,1,1,1,0,0,0,1,1,0,0,0,0,1,0,1,0,1,0,0,0,0
180021878,0,1,1,0,1,1,1,1,1,1,1,1,0,0,0,1,1,0,0,0,0,1,0,1,0,1,0,0,0,0
181025944,0,1,1,0,1,1,1,1,1,1,1,1,0,0,0,1,1,0,0,0,0,1,0,1,0,1,0,0,0,0
182034845,0,1,1,0,1,1,1,1,1,1,1,1,0,0,0,1,1,0,0,0,0,1,0,1,0,1,0,0,0,0
183039424,0,1,1,0,1,1,1,1,1,1,1,1,0,0,0,1,1,0,0,0,0,1,0,1,0,1,0,0,0,0
184039817,0,1,1,0,1,1,1,1,1,1,1,1,0,0,0,1,1,0,0,0,0,1,0,1,0,1,0,0,0,0
185048164,0,1,1,0,1,1,1,1,1,1,1,1,0,0,0,1,1,0,0,0,0,1,0,1,0,1,0,0,0,0
186051232,0,1,1,0,1,1,1,1,1,1,1,1,0,0,0,1,1,0,0,0,0,1,0,1,0,1,0,0,0,0
187063178,0,1,1,0,1,1,1,1,1,1,1,1,0,0,0,1,1,0,0,0,0,1,0,1,0,1,0,0,0,0
188071246,0,1,1,0,1,1,1,1,1,1,1,1,0,0,0,1,1,0,0,0,0,1,0,1,0,1,0,0,0,0
189072106,0,1,1,0,1,1,1,1,1,1,1,1,0,0,0,1,1,0,0,0,0,1,0,1,0,1,0,0,0,0
190075930,0,1,1,0,1,1,1,1,1,1,1,1,0,0,0,1,1,0,0,0,0,1,0,1,0,1,0,0,0,0
191087293,0,1,1,0,1,1,1,1,1,1,1,1,0,0,0,1,1,0,0,0,0,1,0,1,0,1,0,0,0,0
192094298,0,1,1,0,1,1,1,1,1,1,1,1,0,0,0,1,1,0,0,0,0,1,0,1,0,1,0,0,0,0
193102772,0,1,1,0,1,1,1,1,1,1,1,1,0,0,0,1,1,0,0,0,0,1,0,1,0,1,0,0,0,0
194109008,0,1,1,0,1,1,1,1,1,1,1,1,0,0,0,1,1,0,0,0,0,1,0,1,0,1,0,0,0,0
195118011,0,1,1,0,1,1,1,1,1,1,1,1,0,0,0,1,1,0,0,0,0,1,0,1,0,1,0,0,0,0
196124249,0,1,1,0,1,1,1,1,1,1,1,1,0,0,0,1,1,0,0,0,0,1,0,1,0,1,0,0,0,0
197127772,0,1,1,0,1,1,1,1,1,1,1,1,0,0,0,1,1,0,0,0,0,1,0,1,0,1,0,0,0,0
198142375,0,1,1,0,1,1,1,1,1,1,1,1,0,0,0,1,1,0,0,0,0,1,0,1,0,1,0,0,0,0
199148282,0,1,1,0,1,1,1,1,1,1,1,1,0,0,0,1,1,0,0,0,0,1,0,1,0,1,0,0,0,0
200156313,0,1,1,0,1,1,1,1,1,1,1,1,0,0,0,1,1,0,0,0,0,1,0,1,0,1,0,0,0,0
201166344,0,1,1,0,1,1,1,1,1,1,1,1,0,0,0,1,1,0,0,0,0,1,0,1,0,1,0,0,0,0
202172910,0,1,1,0,1,1,1,1,1,1,1,1,0,0,0,1,1,0,0,0,0,1,0,1,0,1,0,0,0,0
203174759,0,1,1,0,1,1,1,1,1,1,1,1,0,0,0,1,1,0,0,0,0,1,0,1,0,1,0,0,0,0
204177435,0,1,1,0,1,1,1,1,1,1,1,1,0,0,0,1,1,0,0,0,0,1,0,1,0,1,0,0,0,0
204782325,0,1,1,0,1,1,1,1,1,1,1,1,0,0,0,1,1,0,0,0,0,1,0,1,0,1,0,0,0,0
205790977,0,1,1,0,1,1,1,1,1,1,1,1,0,0,0,1,1,0,0,0,0,1,0,1,0,1,0,0,0,0
206797382,0,1,1,0,1,1,1,1,1,1,1,1,0,0,0,1,1,0,0,0,0,1,0,1,0,1,0,0,0,0
207798726,0,1,1,0,1,1,1,1,1,1,1,1,0,0,0,1,1,0,0,0,0,1,0,1,0,1,0,0,0,0
208805388,0,1,1,0,1,1,1,1,1,1,1,1,0,0,0,1,1,0,0,0,0,1,0,1,0,1,0,0,0,0
209812219,0,1,1,0,1,1,1,1,1,1,1,1,0,0,0,1,1,0,0,0,0,1,0,1,0,1,0,0,0,0
210816110,0,1,1,0,1,1,1,1,1,1,1,1,0,0,0,1,1,0,0,0,0,1,0,1,0,1,0,0,0,0
211817182,0,1,1,0,1,1,1,1,1,1,1,1,0,0,0,1,1,0,0,0,0,1,0,1,0,1,0,0,0,0
212830384,0,1,1,0,1,1,1,1,1,1,1,1,0,0,0,1,1,0,0,0,0,1,0,1,0,1,0,0,0,0
213838466,0,1,1,0,1,1,1,1,1,1,1,1,0,0,0,1,1,0,0,0,0,1,0,1,0,1,0,0,0,0
214848804,0,1,1,0,1,1,1,1,1,1,1,1,0,0,0,1,1,0,0,0,0,1,0,1,0,1,0,0,0,0
215852158,0,1,1,0,1,1,1,1,1,1,1,1,0,0,0,1,1,0,0,0,0,1,0,1,0,1,0,0,0,0
216864111,0,1,1,0,1,1,1,1,1,1,1,1,0,0,0,1,1,0,0,0,0,1,0,1,0,1,0,0,0,0
217869911,0,1,1,0,1,1,1,1,1,1,1,1,0,0,0,1,1,0,0,0,0,1,0,1,0,1,0,0,0,0
218876037,0,1,1,0,1,1,1,1,1,1,1,1,0,0,0,1,1,0,0,0,0,1,0,1,0,1,0,0,0,0
219883121,0,1,1,0,1,1,1,1,1,1,1,1,0,0,0,1,1,0,0,0,0,1,0,1,0,1,0,0,0,0
220884667,0,1,1,0,1,1,1,1,1,1,1,1,0,0,0,1,1,0,0,0,0,1,0,1,0,1,0,0,0,0
221889796,0,1,1,0,1,1,1,1,1,1,1,1,0,0,0,1,1,0,0,0,0,1,0,1,0,1,0,0,0,0
222897884,0,1,1,0,1,1,1,1,1,1,1,1,0,0,0,1,1,0,0,0,0,1,0,1,0,1,0,0,0,0
223899681,0,1,1,0,1,1,1,1,1,1,1,1,0,0,0,1,1,0,0,0,0,1,0,1,0,1,0,0,0,0
224907344,0,1,1,0,1,1,1,1,1,1,1,1,0,0,0,1,1,0,0,0,0,1,0,1,0,1,0,0,0,0
225912402,0,1,1,0,1,1,1,1,1,1,1,1,0,0,0,1,1,0,0,0,0,1,0,1,0,1,0,0,0,0
226919250,0,1,1,0,1,1,1,1,1,1,1,1,0,0,0,1,1,0,0,0,0,1,0,1,0,1,0,0,0,0
227928485,0,1,1,0,1,1,1,1,1,1,1,1,0,0,0,1,1,0,0,0,0,1,0,1,0,1,0,0,0,0
228937040,0,1,1,0,1,1,1,1,1,1,1,1,0,0,0,1,1,0,0,0,0,1,0,1,0,1,0,0,0,0
229940097,0,1,1,0,1,1,1,1,1,1,1,1,0,0,0,1,1,0,0,0,0,1,0,1,0,1,0,0,0,0
230948092,0,1,1,0,1,1,1,1,1,1,1,1,0,0,0,1,1,0,0,0,0,1,0,1,0,1,0,0,0,0
231960224,0,1,1,0,1,1,1,1,1,1,1,1,0,0,0,1,1,0,0,0,0,1,0,1,0,1,0,0,0,0
232969835,0,1,1,0,1,1,1,1,1,1,1,1,0,0,0,1,1,0,0,0,0,1,0,1,0,1,0,0,0,0
233980912,0,1,1,0,1,1,1,1,1,1,1,1,0,0,0,1,1,0,0,0,0,1,0,1,0,1,0,0,0,0
234982232,0,1,1,0,1,1,1,1,1,1,1,1,0,0,0,1,1,0,0,0,0,1,0,1,0,1,0,0,0,0
235995287,0,1,1,0,1,1,1,1,1,1,1,1,0,0,0,1,1,0,0,0,0,1,0,1,0,1,0,0,0,0
236998092,0,1,1,0,1,1,1,1,1,1,1,1,0,0,0,1,1,0,0,0,0,1,0,1,0,1,0,0,0,0
238007243,0,1,1,0,1,1,1,1,1,1,1,1,0,0,0,1,1,0,0,0,0,1,0,1,0,1,0,0,0,0
239018163,0,1,1,0,1,1,1,1,1,1,1,1,0,0,0,1,1,0,0,0,0,1,0,1,0,1,0,0,0,0
240019227,0,1,1,0,1,1,1,1,1,1,1,1,0,0,0,1,1,0,0,0,0,1,0,1,0,1,0,0,0,0
241021203,0,1,1,0,1,1,1,1,1,1,1,1,0,0,0,1,1,0,0,0,0,1,0,1,0,1,0,0,0,0
241516035,0,1,1,0,1,1,1,1,1,1,1,1,0,0,0,1,1,0,0,0,0,1,0,1,0,1,0,0,0,0
241555094,0,1,1,0,1,1,1,1,1,1,1,1,0,0,0,1,1,0,0,0,0,1,0,1,0,1,0,0,0,0
242558203,0,1,1,0,1,1,1,1,1,1,1,1,0,0,0,1,1,0,0,0,0,1,0,1,0,1,0,0,0,0
243429681,0,1,1,0,1,1,1,1,1,1,1,1,0,0,0,1,1,0,0,0,0,1,0,1,0,1,0,0,0,0
243454063,0,1,1,0,1,1,1,1,1,1,1,1,0,0,0,1,1,0,0,0,0,1,0,1,0,1,0,0,0,0
244461206,0,1,1,0,1,1,1,1,1,1,1,1,0,0,0,1,1,0,0,0,0,1,0,1,0,1,0,0,0,0
245468411,0,1,1,0,1,1,1,1,1,1,1,1,0,0,0,1,1,0,0,0,0,1,0,1,0,1,0,0,0,0
246471971,0,1,1,0,1,1,1,1,1,1,1,1,0,0,0,1,1,0,0,0,0,1,0,1,0,1,0,0,0,0
247472064,0,1,1,0,1,1,1,1,1,1,1,1,0,0,0,1,1,0,0,0,0,1,0,1,0,1,0,0,0,0
248482129,0,1,1,0,1,1,1,1,1,1,1,1,0,0,0,1,1,0,0,0,0,1,0,1,0,1,0,0,0,0
249486495,0,1,1,0,1,1,1,1,1,1,1,1,0,0,0,1,1,0,0,0,0,1,0,1,0,1,0,0,0,0
250494826,0,1,1,0,1,1,1,1,1,1,1,1,0,0,0,1,1,0,0,0,0,1,0,1,0,1,0,0,0,0
251498209,0,1,1,0,1,1,1,1,1,1,1,1,0,0,0,1,1,0,0,0,0,1,0,1,0,1,0,0,0,0
252500451,0,1,1,0,1,1,1,1,1,1,1,1,0,0,0,1,1,0,0,0,0,1,0,1,0,1,0,0,0,0
253507275,0,1,1,0,1,1,1,1,1,1,1,1,0,0,0,1,1,0,0,0,0,1,0,1,0,1,0,0,0,0
254511947,0,1,1,0,1,1,1,1,1,1,1,1,0,0,0,1,1,0,0,0,0,1,0,1,0,1,0,0,0,0
255524396,0,1,1,0,1,1,1,1,1,1,1,1,0,0,0,1,1,0,0,0,0,1,0,1,0,1,0,0,0,0
256531452,0,1,1,0,1,1,1,1,1,1,1,1,0,0,0,1,1,0,0,0,0,1,0,1,0,1,0,0,0,0
257539135,0,1,1,0,1,1,1,1,1,1,1,1,0,0,0,1,1,0,0,0,0,1,0,1,0,1,0,0,0,0
258543982,0,1,1,0,1,1,1,1,1,1,1,1,0,0,0,1,1,0,0,0,0,1,0,1,0,1,0,0,0,0
259546251,0,1,1,0,1,1,1,1,1,1,1,1,0,0,0,1,1,0,0,0,0,1,0,1,0,1,0,0,0,0
260557429,0,1,1,0,1,1,1,1,1,1,1,1,0,0,0,1,1,0,0,0,0,1,0,1,0,1,0,0,0,0
261566754,0,1,1,0,1,1,1,1,1,1,1,1,0,0,0,1,1,0,0,0,0,1,0,1,0,1,0,0,0,0
262568117,0,1,1,0,1,1,1,1,1,1,1,1,0,0,0,1,1,0,0,0,0,1,0,1,0,1,0,0,0,0
263575746,0,1,1,0,1,1,1,1,1,1,1,1,0,0,0,1,1,0,0,0,0,1,0,1,0,1,0,0,0,0
264585863,0,1,1,0,1,1,1,1,1,1,1,1,0,0,0,1,1,0,0,0,0,1,0,1,0,1,0,0,0,0
265589209,0,1,1,0,1,1,1,1,1,1,1,1,0,0,0,1,1,0,0,0,0,1,0,1,0,1,0,0,0,0
266590811,0,1,1,0,1,1,1,1,1,1,1,1,0,0,0,1,1,0,0,0,0,1,0,1,0,1,0,0,0,0
267602020,0,1,1,0,1,1,1,1,1,1,1,1,0,0,0,1,1,0,0,0,0,1,0,1,0,1,0,0,0,0
268604275,0,1,1,0,1,1,1,1,1,1,1,1,0,0,0,1,1,0,0,0,0,1,0,1,0,1,0,0,0,0
269614731,0,1,1,0,1,1,1,1,1,1,1,1,0,0,0,1,1,0,0,0,0,1,0,1,0,1,0,0,0,0
270619050,0,1,1,0,1,1,1,1,1,1,1,1,0,0,0,1,1,0,0,0,0,1,0,1,0,1,0,0,0,0
271623284,0,1,1,0,1,1,1,1,1,1,1,1,0,0,0,1,1,0,0,0,0,1,0,1,0,1,0,0,0,0
272634315,0,1,1,0,1,1,1,1,1,1,1,1,0,0,0,1,1,0,0,0,0,1,0,1,0,1,0,0,0,0
273644283,0,1,1,0,1,1,1,1,1,1,1,1,0,0,0,1,1,0,0,0,0,1,0,1,0,1,0,0,0,0
274653018,0,1,1,0,1,1,1,1,1,1,1,1,0,0,0,1,1,0,0,0,0,1,0,1,0,1,0,0,0,0
275653148,0,1,1,0,1,1,1,1,1,1,1,1,0,0,0,1,1,0,0,0,0,1,0,1,0,1,0,0,0,0
276660047,0,1,1,0,1,1,1,1,1,1,1,1,0,0,0,1,1,0,0,0,0,1,0,1,0,1,0,0,0,0
277673195,0,1,1,0,1,1,1,1,1,1,1,1,0,0,0,1,1,0,0,0,0,1,0,1,0,1,0,0,0,0
278676836,0,1,1,0,1,1,1,1,1,1,1,1,0,0,0,1,1,0,0,0,0,1,0,1,0,1,0,0,0,0
279680720,0,1,1,0,1,1,1,1,1,1,1,1,0,0,0,1,1,0,0,0,0,1,0,1,0,1,0,0,0,0
280684008,0,1,1,0,1,1,1,1,1,1,1,1,0,0,0,1,1,0,0,0,0,1,0,1,0,1,0,0,0,0
281685712,0,1,1,0,1,1,1,1,1,1,1,1,0,0,0,1,1,0,0,0,0,1,0,1,0,1,0,0,0,0
282694071,0,1,1,0,1,1,1,1,1,1,1,1,0,0,0,1,1,0,0,0,0,1,0,1,0,1,0,0,0,0
283694106,0,1,1,0,1,1,1,1,1,1,1,1,0,0,0,1,1,0,0,0,0,1,0,1,0,1,0,0,0,0
284698955,0,1,1,0,1,1,1,1,1,1,1,1,0,0,0,1,1,0,0,0,0,1,0,1,0,1,0,0,0,0
285707999,0,1,1,0,1,1,1,1,1,1,1,1,0,0,0,1,1,0,0,0,0,1,0,1,0,1,0,0,0,0
286713987,0,1,1,0,1,1,1,1,1,1,1,1,0,0,0,1,1,0,0,0,0,1,0,1,0,1,0,0,0,0
287725093,0,1,1,0,1,1,1,1,1,1,1,1,0,0,0,1,1,0,0,0,0,1,0,1,0,1,0,0,0,0
288731896,0,1,1,0,1,1,1,1,1,1,1,1,0,0,0,1,1,0,0,0,0,1,0,1,0,1,0,0,0,0
289733727,0,1,1,0,1,1,1,1,1,1,1,1,0,0,0,1,1,0,0,0,0,1,0,1,0,1,0,0,0,0
290738264,0,1,1,0,1,1,1,1,1,1,1,1,0,0,0,1,1,0,0,0,0,1,0,1,0,1,0,0,0,0
291746405,0,1,1,0,1,1,1,1,1,1,1,1,0,0,0,1,1,0,0,0,0,1,0,1,0,1,0,0,0,0
292753167,0,1,1,0,1,1,1,1,1,1,1,1,0,0,0,1,1,0,0,0,0,1,0,1,0,1,0,0,0,0
293756780,0,1,1,0,1,1,1,1,1,1,1,1,0,0,0,1,1,0,0,0,0,1,0,1,0,1,0,0,0,0
294760071,0,1,1,0,1,1,1,1,1,1,1,1,0,0,0,1,1,0,0,0,0,1,0,1,0,1,0,0,0,0
295762285,0,1,1,0,1,1,1,1,1,1,1,1,0,0,0,1,1,0,0,0,0,1,0,1,0,1,0,0,0,0
296773181,0,1,1,0,1,1,1,1,1,1,1,1,0,0,0,1,1,0,0,0,0,1,0,1,0,1,0,0,0,0
297774150,0,1,1,0,1,1,1,1,1,1,1,1,0,0,0,1,1,0,0,0,0,1,0,1,0,1,0,0,0,0
298782996,0,1,1,0,1,1,1,1,1,1,1,1,0,0,0,1,1,0,0,0,0,1,0,1,0,1,0,0,0,0
299794367,0,1,1,0,1,1,1,1,1,1,1,1,0,0,0,1,1,0,0,0,0,1,0,1,0,1,0,0,0,0
300795310,0,1,1,0,1,1,1,1,1,1,1,1,0,0,0,1,1,0,0,0,0,1,0,1,0,1,0,0,0,0
301804790,0,1,1,0,1,1,1,1,1,1,1,1,0,0,0,1,1,0,0,0,0,1,0,1,0,1,0,0,0,0
302804740,0,1,1,0,1,1,1,1,1,1,1,1,0,0,0,1,1,0,0,0,0,1,0,1,0,1,0,0,0,0
303808478,0,1,1,0,1,1,1,1,1,1,1,1,0,0,0,1,1,0,0,0,0,1,0,1,0,1,0,0,0,0
304812833,0,1,1,0,1,1,1,1,1,1,1,1,0,0,0,1,1,0,0,0,0,1,0,1,0,1,0,0,0,0
305813723,0,1,1,0,1,1,1,1,1,1,1,1,0,0,0,1,1,0,0,0,0,1,0,1,0,1,0,0,0,0
306816504,0,1,1,0,1,1,1,1,1,1,1,1,0,0,0,1,1,0,0,0,0,1,0,1,0,1,0,0,0,0
307817203,0,1,1,0,1,1,1,1,1,1,1,1,0,0,0,1,1,0,0,0,0,1,0,1,0,1,0,0,0,0
308826071,0,1,1,0,1,1,1,1,1,1,1,1,0,0,0,1,1,0,0,0,0,1,0,1,0,1,0,0,0,0
309835816,0,1,1,0,1,1,1,1,1,1,1,1,0,0,0,1,1,0,0,0,0,1,0,1,0,1,0,0,0,0
310850935,0,1,1,0,1,1,1,1,1,1,1,1,0,0,0,1,1,0,0,0,0,1,0,1,0,1,0,0,0,0
311860113,0,1,1,0,1,1,1,1,1,1,1,1,0,0,0,1,1,0,0,0,0,1,0,1,0,1,0,0,0,0
312862173,0,1,1,0,1,1,1,1,1,1,1,1,0,0,0,1,1,0,0,0,0,1,0,1,0,1,0,0,0,0
313870837,0,1,1,0,1,1,1,1,1,1,1,1,0,0,0,1,1,0,0,0,0,1,0,1,0,1,0,0,0,0
314873209,0,1,1,0,1,1,1,1,1,1,1,1,0,0,0,1,1,0,0,0,0,1,0,1,0,1,0,0,0,0
315877881,0,1,1,0,1,1,1,1,1,1,1,1,0,0,0,1,1,0,0,0,0,1,0,1,0,1,0,0,0,0
316880882,0,1,1,0,1,1,1,1,1,1,1,1,0,0,0,1,1,0,0,0,0,1,0,1,0,1,0,0,0,0
317886298,0,1,1,0,1,1,1,1,1,1,1,1,0,0,0,1,1,0,0,0,0,1,0,1,0,1,0,0,0,0
318896238,0,1,1,0,1,1,1,1,1,1,1,1,0,0,0,1,1,0,0,0,0,1,0,1,0,1,0,0,0,0
319906075,0,1,1,0,1,1,1,1,1,1,1,1,0,0,0,1,1,0,0,0,0,1,0,1,0,1,0,0,0,0
320914004,0,1,1,0,1,1,1,1,1,1,1,1,0,0,0,1,1,0,0,0,0,1,0,1,0,1,0,0,0,0
321924250,0,1,1,0,1,1,1,1,1,1,1,1,0,0,0,1,1,0,0,0,0,1,0,1,0,1,0,0,0,0
322929866,0,1,1,0,1,1,1,1,1,1,1,1,0,0,0,1,1,0,0,0,0,1,0,1,0,1,0,0,0,0
323943373,0,1,1,0,1,1,1,1,1,1,1,1,0,0,0,1,1,0,0,0,0,1,0,1,0,1,0,0,0,0
324949927,0,1,1,0,1,1,1,1,1,1,1,1,0,0,0,1,1,0,0,0,0,1,0,1,0,1,0,0,0,0
325952958,0,1,1,0,1,1,1,1,1,1,1,1,0,0,0,1,1,0,0,0,0,1,0,1,0,1,0,0,0,0
326960936,0,1,1,0,1,1,1,1,1,1,1,1,0,0,0,1,1,0,0,0,0,1,0,1,0,1,0,0,0,0
327971211,0,1,1,0,1,1,1,1,1,1,1,1,0,0,0,1,1,0,0,0,0,1,0,1,0,1,0,0,0,0
328974415,0,1,1,0,1,1,1,1,1,1,1,1,0,0,0,1,1,0,0,0,0,1,0,1,0,1,0,0,0,0
329980276,0,1,1,0,1,1,1,1,1,1,1,1,0,0,0,1,1,0,0,0,0,1,0,1,0,1,0,0,0,0
330986790,0,1,1,0,1,1,1,1,1,1,1,1,0,0,0,1,1,0,0,0,0,1,0,1,0,1,0,0,0,0
331987976,0,1,1,0,1,1,1,1,1,1,1,1,0,0,0,1,1,0,0,0,0,1,0,1,0,1,0,0,0,0
332998156,0,1,1,0,1,1,1,1,1,1,1,1,0,0,0,1,1,0,0,0,0,1,0,1,0,1,0,0,0,0
334003850,0,1,1,0,1,1,1,1,1,1,1,1,0,0,0,1,1,0,0,0,0,1,0,1,0,1,0,0,0,0
335007304,0,1,1,0,1,1,1,1,1,1,1,1,0,0,0,1,1,0,0,0,0,1,0,1,0,1,0,0,0,0
336018406,0,1,1,0,1,1,1,1,1,1,1,1,0,0,0,1,1,0,0,0,0,1,0,1,0,1,0,0,0,0
337019968,0,1,1,0,1,1,1,1,1,1,1,1,0,0,0,1,1,0,0,0,0,1,0,1,0,1,0,0,0,0
338029025,0,1,1,0,1,1,1,1,1,1,1,1,0,0,0,1,1,0,0,0,0,1,0,1,0,1,0,0,0,0
339040218,0,1,1,0,1,1,1,1,1,1,1,1,0,0,0,1,1,0,0,0,0,1,0,1,0,1,0,0,0,0
340050087,0,1,1,0,1,1,1,1,1,1,1,1,0,0,0,1,1,0,0,0,0,1,0,1,0,1,0,0,0,0
341053915,0,1,1,0,1,1,1,1,1,1,1,1,0,0,0,1,1,0,0,0,0,1,0,1,0,1,0,0,0,0
342058482,0,1,1,0,1,1,1,1,1,1,1,1,0,0,0,1,1,0,0,0,0,1,0,1,0,1,0,0,0,0
343061150,0,1,1,0,1,1,1,1,1,1,1,1,0,0,0,1,1,0,0,0,0,1,0,1,0,1,0,0,0,0
344062064,0,1,1,0,1,1,1,1,1,1,1,1,0,0,0,1,1,0,0,0,0,1,0,1,0,1,0,0,0,0
345071948,0,1,1,0,1,1,1,1,1,1,1,1,0,0,0,1,1,0,0,0,0,1,0,1,0,1,0,0,0,0
346074507,0,1,1,0,1,1,1,1,1,1,1,1,0,0,0,1,1,0,0,0,0,1,0,1,0,1,0,0,0,0
347076921,0,1,1,0,1,1,1,1,1,1,1,1,0,0,0,1,1,0,0,0,0,1,0,1,0,1,0,0,0,0
348080761,0,1,1,0,1,1,1,1,1,1,1,1,0,0,0,1,1,0,0,0,0,1,0,1,0,1,0,0,0,0
349084916,0,1,1,0,1,1,1,1,1,1,1,1,0,0,0,1,1,0,0,0,0,1,0,1,0,1,0,0,0,0
350086201,0,1,1,0,1,1,1,1,1,1,1,1,0,0,0,1,1,0,0,0,0,1,0,1,0,1,0,0,0,0
351096244,0,1,1,0,1,1,1,1,1,1,1,1,0,0,0,1,1,0,0,0,0,1,0,1,0,1,0,0,0,0
352099854,0,1,1,0,1,1,1,1,1,1,1,1,0,0,0,1,1,0,0,0,0,1,0,1,0,1,0,0,0,0
353109935,0,1,1,0,1,1,1,1,1,1,1,1,0,0,0,1,1,0,0,0,0,1,0,1,0,1,0,0,0,0
354118020,0,1,1,0,1,1,1,1,1,1,1,1,0,0,0,1,1,0,0,0,0,1,0,1,0,1,0,0,0,0
355129493,0,1,1,0,1,1,1,1,1,1,1,1,0,0,0,1,1,0,0,0,0,1,0,1,0,1,0,0,0,0
356132342,0,1,1,0,1,1,1,1,1,1,1,1,0,0,0,1,1,0,0,0,0,1,0,1,0,1,0,0,0,0
357133865,0,1,1,0,1,1,1,1,1,1,1,1,0,0,0,1,1,0,0,0,0,1,0,1,0,1,0,0,0,0
358138336,0,1,1,0,1,1,1,1,1,1,1,1,0,0,0,1,1,0,0,0,0,1,0,1,0,1,0,0,0,0
359142332,0,1,1,0,1,1,1,1,1,1,1,1,0,0,0,1,1,0,0,0,0,1,0,1,0,1,0,0,0,0
360147729,0,1,1,0,1,1,1,1,1,1,1,1,0,0,0,1,1,0,0,0,0,1,0,1,0,1,0,0,0,0
361156326,0,1,1,0,1,1,1,1,1,1,1,1,0,0,0,1,1,0,0,0,0,1,0,1,0,1,0,0,0,0
362167295,0,1,1,0,1,1,1,1,1,1,1,1,0,0,0,1,1,0,0,0,0,1,0,1,0,1,0,0,0,0
363170010,0,1,1,0,1,1,1,1,1,1,1,1,0,0,0,1,1,0,0,0,0,1,0,1,0,1,0,0,0,0
364178478,0,1,1,0,1,1,1,1,1,1,1,1,0,0,0,1,1,0,0,0,0,1,0,1,0,1,0,0,0,0
365189700,0,1,1,0,1,1,1,1,1,1,1,1,0,0,0,1,1,0,0,0,0,1,0,1,0,1,0,0,0,0
366199143,0,1,1,0,1,1,1,1,1,1,1,1,0,0,0,1,1,0,0,0,0,1,0,1,0,1,0,0,0,0
367206004,0,1,1,0,1,1,1,1,1,1,1,1,0,0,0,1,1,0,0,0,0,1,0,1,0,1,0,0,0,0
369216268,0,1,1,0,1,1,1,1,1,1,1,1,0,0,0,1,1,0,0,0,0,1,0,1,0,1,0,0,0,0
370223116,0,1,1,0,1,1,1,1,1,1,1,1,0,0,0,1,1,0,0,0,0,1,0,1,0,1,0,0,0,0
371228339,0,1,1,0,1,1,1,1,1,1,1,1,0,0,0,1,1,0,0,0,0,1,0,1,0,1,0,0,0,0
372230780,0,1,1,0,1,1,1,1,1,1,1,1,0,0,0,1,1,0,0,0,0,1,0,1,0,1,0,0,0,0
373231248,0,1,1,0,1,1,1,1,1,1,1,1,0,0,0,1,1,0,0,0,0,1,0,1,0,1,0,0,0,0
374234137,0,1,1,0,1,1,1,1,1,1,1,1,0,0,0,1,1,0,0,0,0,1,0,1,0,1,0,0,0,0
375237436,0,1,1,0,1,1,1,1,1,1,1,1,0,0,0,1,1,0,0,0,0,1,0,1,0,1,0,0,0,0
376238846,0,1,1,0,1,1,1,1,1,1,1,1,0,0,0,1,1,0,0,0,0,1,0,1,0,1,0,0,0,0
377243182,0,1,1,0,1,1,1,1,1,1,1,1,0,0,0,1,1,0,0,0,0,1,0,1,0,1,0,0,0,0
378250057,0,1,1,0,1,1,1,1,1,1,1,1,0,0,0,1,1,0,0,0,0,1,0,1,0,1,0,0,0,0
379252432,0,1,1,0,1,1,1,1,1,1,1,1,0,0,0,1,1,0,0,0,0,1,0,1,0,1,0,0,0,0
380253892,0,1,1,0,1,1,1,1,1,1,1,1,0,0,0,1,1,0,0,0,0,1,0,1,0,1,0,0,0,0
381258329,0,1,1,0,1,1,1,1,1,1,1,1,0,0,0,1,1,0,0,0,0,1,0,1,0,1,0,0,0,0
382268854,0,1,1,0,1,1,1,1,1,1,1,1,0,0,0,1,1,0,0,0,0,1,0,1,0,1,0,0,0,0
383270384,0,1,1,0,1,1,1,1,1,1,1,1,0,0,0,1,1,0,0,0,0,1,0,1,0,1,0,0,0,0
384277780,0,1,1,0,1,1,1,1,1,1,1,1,0,0,0,1,1,0,0,0,0,1,0,1,0,1,0,0,0,0
385281888,0,1,1,0,1,1,1,1,1,1,1,1,0,0,0,1,1,0,0,0,0,1,0,1,0,1,0,0,0,0
386288094,0,1,1,0,1,1,1,1,1,1,1,1,0,0,0,1,1,0,0,0,0,1,0,1,0,1,0,0,0,0
387292112,0,1,1,0,1,1,1,1,1,1,1,1,0,0,0,1,1,0,0,0,0,1,0,1,0,1,0,0,0,0
388301881,0,1,1,0,1,1,1,1,1,1,1,1,0,0,0,1,1,0,0,0,0,1,0,1,0,1,0,0,0,0
389310769,0,1,1,0,1,1,1,1,1,1,1,1,0,0,0,1,1,0,0,0,0,1,0,1,0,1,0,0,0,0
390314770,0,1,1,0,1,1,1,1,1,1,1,1,0,0,0,1,1,0,0,0,0,1,0,1,0,1,0,0,0,0
391324871,0,1,1,0,1,1,1,1,1,1,1,1,0,0,0,1,1,0,0,0,0,1,0,1,0,1,0,0,0,0
392328840,0,1,1,0,1,1,1,1,1,1,1,1,0,0,0,1,1,0,0,0,0,1,0,1,0,1,0,0,0,0
393333707,0,1,1,0,1,1,1,1,1,1,1,1,0,0,0,1,1,0,0,0,0,1,0,1,0,1,0,0,0,0
394336938,0,1,1,0,1,1,1,1,1,1,1,1,0,0,0,1,1,0,0,0,0,1,0,1,0,1,0,0,0,0
395340983,0,1,1,0,1,1,1,1,1,1,1,1,0,0,0,1,1,0,0,0,0,1,0,1,0,1,0,0,0,0
396346825,0,1,1,0,1,1,1,1,1,1,1,1,0,0,0,1,1,0,0,0,0,1,0,1,0,1,0,0,0,0
397357072,0,1,1,0,1,1,1,1,1,1,1,1,0,0,0,1,1,0,0,0,0,1,0,1,0,1,0,0,0,0
398366820,0,1,1,0,1,1,1,1,1,1,1,1,0,0,0,1,1,0,0,0,0,1,0,1,0,1,0,0,0,0
399368902,0,1,1,0,1,1,1,1,1,1,1,1,0,0,0,1,1,0,0,0,0,1,0,1,0,1,0,0,0,0
400376991,0,1,1,0,1,1,1,1,1,1,1,1,0,0,0,1,1,0,0,0,0,1,0,1,0,1,0,0,0,0
401379280,0,1,1,0,1,1,1,1,1,1,1,1,0,0,0,1,1,0,0,0,0,1,0,1,0,1,0,0,0,0
402390177,0,1,1,0,1,1,1,1,1,1,1,1,0,0,0,1,1,0,0,0,0,1,0,1,0,1,0,0,0,0
403395414,0,1,1,0,1,1,1,1,1,1,1,1,0,0,0,1,1,0,0,0,0,1,0,1,0,1,0,0,0,0
404398218,0,1,1,0,1,1,1,1,1,1,1,1,0,0,0,1,1,0,0,0,0,1,0,1,0,1,0,0,0,0
405402272,0,1,1,0,1,1,1,1,1,1,1,1,0,0,0,1,1,0,0,0,0,1,0,1,0,1,0,0,0,0
406415344,0,1,1,0,1,1,1,1,1,1,1,1,0,0,0,1,1,0,0,0,0,1,0,1,0,1,0,0,0,0
407422922,0,1,1,0,1,1,1,1,1,1,1,1,0,0,0,1,1,0,0,0,0,1,0,1,0,1,0,0,0,0
408428256,0,1,1,0,1,1,1,1,1,1,1,1,0,0,0,1,1,0,0,0,0,1,0,1,0,1,0,0,0,0
409440249,0,1,1,0,1,1,1,1,1,1,1,1,0,0,0,1,1,0,0,0,0,1,0,1,0,1,0,0,0,0
410450834,0,1,1,0,1,1,1,1,1,1,1,1,0,0,0,1,1,0,0,0,0,1,0,1,0,1,0,0,0,0
411459894,0,1,1,0,1,1,1,1,1,1,1,1,0,0,0,1,1,0,0,0,0,1,0,1,0,1,0,0,0,0
412465459,0,1,1,0,1,1,1,1,1,1,1,1,0,0,0,1,1,0,0,0,0,1,0,1,0,1,0,0,0,0
413465685,0,1,1,0,1,1,1,1,1,1,1,1,0,0,0,1,1,0,0,0,0,1,0,1,0,1,0,0,0,0
414469119,0,1,1,0,1,1,1,1,1,1,1,1,0,0,0,1,1,0,0,0,0,1,0,1,0,1,0,0,0,0
415477100,0,1,1,0,1,1,1,1,1,1,1,1,0,0,0,1,1,0,0,0,0,1,0,1,0,1,0,0,0,0
416478072,0,1,1,0,1,1,1,1,1,1,1,1,0,0,0,1,1,0,0,0,0,1,0,1,0,1,0,0,0,0
417479265,0,1,1,0,1,1,1,1,1,1,1,1,0,0,0,1,1,0,0,0,0,1,0,1,0,1,0,0,0,0
418487246,0,1,1,0,1,1,1,1,1,1,1,1,0,0,0,1,1,0,0,0,0,1,0,1,0,1,0,0,0,0
419491090,0,1,1,0,1,1,1,1,1,1,1,1,0,0,0,1,1,0,0,0,0,1,0,1,0,1,0,0,0,0
420492827,0,1,1,0,1,1,1,1,1,1,1,1,0,0,0,1,1,0,0,0,0,1,0,1,0,1,0,0,0,0
421499940,0,1,1,0,1,1,1,1,1,1,1,1,0,0,0,1,1,0,0,0,0,1,0,1,0,1,0,0,0,0
422508118,0,1,1,0,1,1,1,1,1,1,1,1,0,0,0,1,1,0,0,0,0,1,0,1,0,1,0,0,0,0
423517164,0,1,1,0,1,1,1,1,1,1,1,1,0,0,0,1,1,0,0,0,0,1,0,1,0,1,0,0,0,0
424526506,0,1,1,0,1,1,1,1,1,1,1,1,0,0,0,1,1,0,0,0,0,1,0,1,0,1,0,0,0,0
425538113,0,1,1,0,1,1,1,1,1,1,1,1,0,0,0,1,1,0,0,0,0,1,0,1,0,1,0,0,0,0
426539314,0,1,1,0,1,1,1,1,1,1,1,1,0,0,0,1,1,0,0,0,0,1,0,1,0,1,0,0,0,0
427548761,0,1,1,0,1,1,1,1,1,1,1,1,0,0,0,1,1,0,0,0,0,1,0,1,0,1,0,0,0,0
428561135,0,1,1,0,1,1,1,1,1,1,1,1,0,0,0,1,1,0,0,0,0,1,0,1,0,1,0,0,0,0
429564468,0,1,1,0,1,1,1,1,1,1,1,1,0,0,0,1,1,0,0,0,0,1,0,1,0,1,0,0,0,0
430569438,0,1,1,0,1,1,1,1,1,1,1,1,0,0,0,1,1,0,0,0,0,1,0,1,0,1,0,0,0,0
431570988,0,1,1,0,1,1,1,1,1,1,1,1,0,0,0,1,1,0,0,0,0,1,0,1,0,1,0,0,0,0
432573902,0,1,1,0,1,1,1,1,1,1,1,1,0,0,0,1,1,0,0,0,0,1,0,1,0,1,0,0,0,0
432784987,0,1,1,0,1,1,1,1,1,1,1,1,0,0,0,1,1,0,0,0,0,1,0,1,0,1,0,0,0,0
432798278,0,1,1,0,1,1,1,1,1,1,1,1,0,0,0,1,1,0,0,0,0,1,0,1,0,1,0,0,0,0
433805433,0,1,1,0,1,1,1,1,1,1,1,1,0,0,0,1,1,0,0,0,0,1,0,1,0,1,0,0,0,0
434808250,0,1,1,0,1,1,1,1,1,1,1,1,0,0,0,1,1,0,0,0,0,1,0,1,0,1,0,0,0,0
435817117,0,1,1,0,1,1,1,1,1,1,1,1,0,0,0,1,1,0,0,0,0,1,0,1,0,1,0,0,0,0
436827877,0,1,1,0,1,1,1,1,1,1,1,1,0,0,0,1,1,0,0,0,0,1,0,1,0,1,0,0,0,0
437838023,0,1,1,0,1,1,1,1,1,1,1,1,0,0,0,1,1,0,0,0,0,1,0,1,0,1,0,0,0,0
438841197,0,1,1,0,1,1,1,1,1,1,1,1,0,0,0,1,1,0,0,0,0,1,0,1,0,1,0,0,0,0
439851229,0,1,1,0,1,1,1,1,1,1,1,1,0,0,0,1,1,0,0,0,0,1,0,1,0,1,0,0,0,0
440861319,0,1,1,0,1,1,1,1,1,1,1,1,0,0,0,1,1,0,0,0,0,1,0,1,0,1,0,0,0,0
441869798,0,1,1,0,1,1,1,1,1,1,1,1,0,0,0,1,1,0,0,0,0,1,0,1,0,1,0,0,0,0
442873217,0,1,1,0,1,1,1,1,1,1,1,1,0,0,0,1,1,0,0,0,0,1,0,1,0,1,0,0,0,0
443879729,0,1,1,0,1,1,1,1,1,1,1,1,0,0,0,1,1,0,0,0,0,1,0,1,0,1,0,0,0,0
444882876,0,1,1,0,1,1,1,1,1,1,1,1,0,0,0,1,1,0,0,0,0,1,0,1,0,1,0,0,0,0
445884040,0,1,1,0,1,1,1,1,1,1,1,1,0,0,0,1,1,0,0,0,0,1,0,1,0,1,0,0,0,0
446890013,0,1,1,0,1,1,1,1,1,1,1,1,0,0,0,1,1,0,0,0,0,1,0,1,0,1,0,0,0,0
447892738,0,1,1,0,1,1,1,1,1,1,1,1,0,0,0,1,1,0,0,0,0,1,0,1,0,1,0,0,0,0
448896155,0,1,1,0,1,1,1,1,1,1,1,1,0,0,0,1,1,0,0,0,0,1,0,1,0,1,0,0,0,0
449904919,0,1,1,0,1,1,1,1,1,1,1,1,0,0,0,1,1,0,0,0,0,1,0,1,0,1,0,0,0,0
450912313,0,1,1,0,1,1,1,1,1,1,1,1,0,0,0,1,1,0,0,0,0,1,0,1,0,1,0,0,0,0
451922439,0,1,1,0,1,1,1,1,1,1,1,1,0,0,0,1,1,0,0,0,0,1,0,1,0,1,0,0,0,0
452922795,0,1,1,0,1,1,1,1,1,1,1,1,0,0,0,1,1,0,0,0,0,1,0,1,0,1,0,0,0,0
453924379,0,1,1,0,1,1,1,1,1,1,1,1,0,0,0,1,1,0,0,0,0,1,0,1,0,1,0,0,0,0
454925933,0,1,1,0,1,1,1,1,1,1,1,1,0,0,0,1,1,0,0,0,0,1,0,1,0,1,0,0,0,0
455933348,0,1,1,0,1,1,1,1,1,1,1,1,0,0,0,1,1,0,0,0,0,1,0,1,0,1,0,0,0,0
456942435,0,1,1,0,1,1,1,1,1,1,1,1,0,0,0,1,1,0,0,0,0,1,0,1,0,1,0,0,0,0
457949367,0,1,1,0,1,1,1,1,1,1,1,1,0,0,0,1,1,0,0,0,0,1,0,1,0,1,0,0,0,0
458953156,0,1,1,0,1,1,1,1,1,1,1,1,0,0,0,1,1,0,0,0,0,1,0,1,0,1,0,0,0,0
459954106,0,1,1,0,1,1,1,1,1,1,1,1,0,0,0,1,1,0,0,0,0,1,0,1,0,1,0,0,0,0
460960869,0,1,1,0,1,1,1,1,1,1,1,1,0,0,0,1,1,0,0,0,0,1,0,1,0,1,0,0,0,0
461963858,0,1,1,0,1,1,1,1,1,1,1,1,0,0,0,1,1,0,0,0,0,1,0,1,0,1,0,0,0,0
462968806,0,1,1,0,1,1,1,1,1,1,1,1,0,0,0,1,1,0,0,0,0,1,0,1,0,1,0,0,0,0
463977084,0,1,1,0,1,1,1,1,1,1,1,1,0,0,0,1,1,0,0,0,0,1,0,1,0,1,0,0,0,0
464986364,0,1,1,0,1,1,1,1,1,1,1,1,0,0,0,1,1,0,0,0,0,1,0,1,0,1,0,0,0,0
465997312,0,1,1,0,1,1,1,1,1,1,1,1,0,0,0,1,1,0,0,0,0,1,0,1,0,1,0,0,0,0
467004937,0,1,1,0,1,1,1,1,1,1,1,1,0,0,0,1,1,0,0,0,0,1,0,1,0,1,0,0,0,0
468015199,0,1,1,0,1,1,1,1,1,1,1,1,0,0,0,1,1,0,0,0,0,1,0,1,0,1,0,0,0,0
469018859,0,1,1,0,1,1,1,1,1,1,1,1,0,0,0,1,1,0,0,0,0,1,0,1,0,1,0,0,0,0
470021930,0,1,1,0,1,1,1,1,1,1,1,1,0,0,0,1,1,0,0,0,0,1,0,1,0,1,0,0,0,0
471035891,0,1,1,0,1,1,1,1,1,1,1,1,0,0,0,1,1,0,0,0,0,1,0,1,0,1,0,0,0,0
472040704,0,1,1,0,1,1,1,1,1,1,1,1,0,0,0,1,1,0,0,0,0,1,0,1,0,1,0,0,0,0
473045826,0,1,1,0,1,1,1,1,1,1,1,1,0,0,0,1,1,0,0,0,0,1,0,1,0,1,0,0,0,0
474050000,0,1,1,0,1,1,1,1,1,1,1,1,0,0,0,1,1,0,0,0,0,1,0,1,0,1,0,0,0,0
475050213,0,1,1,0,1,1,1,1,1,1,1,1,0,0,0,1,1,0,0,0,0,1,0,1,0,1,0,0,0,0
476059114,0,1,1,0,1,1,1,1,1,1,1,1,0,0,0,1,1,0,0,0,0,1,0,1,0,1,0,0,0,0
477060721,0,1,1,0,1,1,1,1,1,1,1,1,0,0,0,1,1,0,0,0,0,1,0,1,0,1,0,0,0,0
478069922,0,1,1,0,1,1,1,1,1,1,1,1,0,0,0,1,1,0,0,0,0,1,0,1,0,1,0,0,0,0
479076301,0,1,1,0,1,1,1,1,1,1,1,1,0,0,0,1,1,0,0,0,0,1,0,1,0,1,0,0,0,0
480084002,0,1,1,0,1,1,1,1,1,1,1,1,0,0,0,1,1,0,0,0,0,1,0,1,0,1,0,0,0,0
481087085,0,1,1,0,1,1,1,1,1,1,1,1,0,0,0,1,1,0,0,0,0,1,0,1,0,1,0,0,0,0
482088086,0,1,1,0,1,1,1,1,1,1,1,1,0,0,0,1,1,0,0,0,0,1,0,1,0,1,0,0,0,0
483092933,0,1,1,0,1,1,1,1,1,1,1,1,0,0,0,1,1,0,0,0,0,1,0,1,0,1,0,0,0,0
484103894,0,1,1,0,1,1,1,1,1,1,1,1,0,0,0,1,1,0,0,0,0,1,0,1,0,1,0,0,0,0
485112999,0,1,1,0,1,1,1,1,1,1,1,1,0,0,0,1,1,0,0,0,0,1,0,1,0,1,0,0,0,0
486121294,0,1,1,0,1,1,1,1,1,1,1,1,0,0,0,1,1,0,0,0,0,1,0,1,0,1,0,0,0,0
487131008,0,1,1,0,1,1,1,1,1,1,1,1,0,0,0,1,1,0,0,0,0,1,0,1,0,1,0,0,0,0
488134194,0,1,1,0,1,1,1,1,1,1,1,1,0,0,0,1,1,0,0,0,0,1,0,1,0,1,0,0,0,0
489134908,0,1,1,0,1,1,1,1,1,1,1,1,0,0,0,1,1,0,0,0,0,1,0,1,0,1,0,0,0,0
491147037,0,1,1,0,1,1,1,1,1,1,1,1,0,0,0,1,1,0,0,0,0,1,0,1,0,1,0,0,0,0
492148239,0,1,1,0,1,1,1,1,1,1,1,1,0,0,0,1,1,0,0,0,0,1,0,1,0,1,0,0,0,0
493150143,0,1,1,0,1,1,1,1,1,1,1,1,0,0,0,1,1,0,0,0,0,1,0,1,0,1,0,0,0,0
494150978,0,1,1,0,1,1,1,1,1,1,1,1,0,0,0,1,1,0,0,0,0,1,0,1,0,1,0,0,0,0
495146341,0,1,1,0,1,1,1,1,1,1,1,1,0,0,0,1,1,0,0,0,0,1,0,1,0,1,0,0,0,0
496155332,0,1,1,0,1,1,1,1,1,1,1,1,0,0,0,1,1,0,0,0,0,1,0,1,0,1,0,0,0,0
497114115,0,1,1,0,1,1,1,1,1,1,1,1,0,0,0,1,1,0,0,0,0,1,0,1,0,1,0,0,0,0
