timestamp,heartbeat_time,data_rate,rate_multiplier,rate_rx,rate_tx,rate_txerr,remote_system_id,remote_component_id,remote_type,remote_system_status,type,mode,flow_control,forwarding,mavlink_v2,ftp,streams
70525409,70524045,1200.0,0.63028544,0.041720014,1.2128605,0.0,255,190,6,4,0,0,1,1,1,1,35
71529817,70524045,1200.0,0.63028544,0.04197943,1.332347,0.0,255,190,6,4,0,0,1,1,1,1,35
72464211,72457410,1200.0,0.63028544,0.041799027,1.2519804,0.0,255,190,6,4,0,0,1,1,1,1,35
73473818,72457410,1200.0,0.63028544,0.041605536,1.3085932,0.0,255,190,6,4,0,0,1,1,1,1,35
75464491,75460404,1200.0,0.63028544,0.04157802,1.4562207,0.0,255,190,6,4,0,0,1,1,1,1,35
76518962,76518414,1200.0,0.63028544,0.041601043,1.2401073,0.0,255,190,6,4,0,0,1,1,1,1,35
77523314,76518414,1200.0,0.63028544,0.041915245,1.113748,0.0,255,190,6,4,0,0,1,1,1,1,35
78464005,78461481,1200.0,0.63028544,0.041958626,1.4275924,0.0,255,190,6,4,0,0,1,1,1,1,35
79465389,78461481,1200.0,0.63028544,0.04154278,1.260131,0.0,255,190,6,4,0,0,1,1,1,1,35
79526828,79526628,1200.0,0.63028544,0.04154278,1.260131,0.0,255,190,6,4,0,0,1,1,1,1,35
81472935,81464464,1200.0,0.63028544,0.041875836,1.3779144,0.0,255,190,6,4,0,0,1,1,1,1,35
82479962,81464464,1200.0,0.63028544,0.041886944,1.3583338,0.0,255,190,6,4,0,0,1,1,1,1,35
82546127,82533443,1200.0,0.63028544,0.041886944,1.3583338,0.0,255,190,6,4,0,0,1,1,1,1,35
84466916,84465892,1200.0,0.63028544,0.06779052,1.2272079,0.0,255,190,6,4,0,0,1,1,1,1,35
85528121,85522891,1200.0,0.63028544,0.041707337,1.2810111,0.0,255,190,6,4,0,0,1,1,1,1,35
86532857,85522891,1200.0,0.63028544,0.041624587,1.2913532,0.0,255,190,6,4,0,0,1,1,1,1,35
87472943,87465431,1200.0,0.63028544,0.041543968,1.3046784,0.0,255,190,6,4,0,0,1,1,1,1,35
88527131,88517428,1200.0,0.63028544,0.04162438,1.1932322,0.0,255,190,6,4,0,0,1,1,1,1,35
89534463,88517428,1200.0,0.63028544,0.041756555,1.2576677,0.0,255,190,6,4,0,0,1,1,1,1,35
90476901,90466674,1200.0,0.63028544,0.041636016,1.1896005,0.0,255,190,6,4,0,0,1,1,1,1,35
91481056,90466674,1200.0,0.63028544,0.041765362,1.3225697,0.0,255,190,6,4,0,0,1,1,1,1,35
91625479,91624773,1200.0,0.63028544,0.041765362,1.3225697,0.0,255,190,6,4,0,0,1,1,1,1,35
93479123,93471287,1200.0,0.63028544,0.041916374,1.4321429,0.0,255,190,6,4,0,0,1,1,1,1,35
94570820,94568406,1200.0,0.63028544,0.04168002,1.2156672,0.0,255,190,6,4,0,0,1,1,1,1,35
95553293,95547401,1200.0,0.63028544,0.041852303,1.2605515,0.0,255,190,6,4,0,0,1,1,1,1,35
96476437,96470420,1200.0,0.63028544,0.04175581,1.0230174,0.0,255,190,6,4,0,0,1,1,1,1,35
97634227,97625789,1200.0,0.63028544,0.041599683,1.549093,0.0,255,190,6,4,0,0,1,1,1,1,35
98556100,98551178,1200.0,0.63028544,0.04153374,1.1965673,0.0,255,190,6,4,0,0,1,1,1,1,35
99477794,99471407,1200.0,0.63028544,0.041706715,1.1300534,0.0,255,190,6,4,0,0,1,1,1,1,35
100630920,100630174,1200.0,0.63028544,0.04198648,1.316576,0.0,255,190,6,4,0,0,1,1,1,1,35
101553955,101548406,1200.0,0.63028544,0.041564528,1.3924116,0.0,255,190,6,4,0,0,1,1,1,1,35
102474907,102472404,1200.0,0.63028544,0.041461945,1.0464206,0.0,255,190,6,4,0,0,1,1,1,1,35
104548888,103536410,1200.0,0.63028544,0.062391493,1.3537964,0.0,255,190,6,4,0,0,1,1,1,1,35
104559323,104550446,1200.0,0.63028544,0.062391493,1.3537964,0.0,255,190,6,4,0,0,1,1,1,1,35
105475333,105474999,1200.0,0.63028544,0.041832667,1.2350597,0.0,255,190,6,4,0,0,1,1,1,1,35
106630112,106629033,1200.0,0.63028544,0.020796876,1.1715573,0.0,255,190,6,4,0,0,1,1,1,1,35
107561109,107551808,1200.0,0.63028544,0.04160298,1.2738436,0.0,255,190,6,4,0,0,1,1,1,1,35
108480510,108475432,1200.0,0.63028544,0.06292574,1.2515231,0.0,255,190,6,4,0,0,1,1,1,1,35
109633823,109630406,1200.0,0.63028544,0.020934705,1.3418149,0.0,255,190,6,4,0,0,1,1,1,1,35
110557436,110556350,1200.0,0.63028544,0.041758258,1.1791737,0.0,255,190,6,4,0,0,1,1,1,1,35
111486967,111477466,1200.0,0.63028544,0.06272701,1.2993451,0.0,255,190,6,4,0,0,1,1,1,1,35
113500238,111477466,1200.0,0.63028544,0.02078541,1.3371948,0.0,255,190,6,4,0,0,1,1,1,1,35
113565009,113555420,1200.0,0.63028544,0.02078541,1.3371948,0.0,255,190,6,4,0,0,1,1,1,1,35
114485939,114479404,1200.0,0.63028544,0.06245576,1.1688149,0.0,255,190,6,4,0,0,1,1,1,1,35
115638390,115637493,1200.0,0.63028544,0.041771386,1.209381,0.0,255,190,6,4,0,0,1,1,1,1,35
116556831,116556422,1200.0,0.63028544,0.041675016,1.3802369,0.0,255,190,6,4,0,0,1,1,1,1,35
118494501,117483385,1200.0,0.63028544,0.04165691,0.99381495,0.0,255,190,6,4,0,0,1,1,1,1,35
119464190,119461410,1200.0,0.63028544,0.041867238,1.5062237,0.0,255,190,6,4,0,0,1,1,1,1,35
122457956,122457431,1200.0,0.63028544,0.021952493,1.2971928,0.0,255,190,6,4,0,0,1,1,1,1,35
123463052,122457431,1200.0,0.63028544,0.061836068,1.4740921,0.0,255,190,6,4,0,0,1,1,1,1,35
123489822,123486249,1200.0,0.63028544,0.061836068,1.4740921,0.0,255,190,6,4,0,0,1,1,1,1,35
124640763,124638455,1200.0,0.63028544,0.06780614,1.0180892,0.0,255,190,6,4,0,0,1,1,1,1,35
125570714,125562421,1200.0,0.63028544,0.041476607,1.2887374,0.0,255,190,6,4,0,0,1,1,1,1,35
126489090,126488374,1200.0,0.63028544,0.041734483,1.3692884,0.0,255,190,6,4,0,0,1,1,1,1,35
127642270,127641460,1200.0,0.63028544,0.04170104,1.2063516,0.0,255,190,6,4,0,0,1,1,1,1,35
128568870,128565404,1200.0,0.63028544,0.041828457,1.3006659,0.0,255,190,6,4,0,0,1,1,1,1,35
130496347,129488418,1200.0,0.63028544,0.041657407,1.2546815,0.0,255,190,6,4,0,0,1,1,1,1,35
130550111,130548783,1200.0,0.63028544,0.041657407,1.2546815,0.0,255,190,6,4,0,0,1,1,1,1,35
131490967,131481406,1200.0,0.63028544,0.04179732,1.1942092,0.0,255,190,6,4,0,0,1,1,1,1,35
132494373,132491402,1200.0,0.63028544,0.04179811,1.3236068,0.0,255,190,6,4,0,0,1,1,1,1,35
133566055,133554165,1200.0,0.63028544,0.041653235,1.1900924,0.0,255,190,6,4,0,0,1,1,1,1,35
134574474,134569436,1200.0,0.63028544,0.041577075,1.3888723,0.0,255,190,6,4,0,0,1,1,1,1,35
136507996,135493410,1200.0,0.63028544,0.041767646,1.2450736,0.0,255,190,6,4,0,0,1,1,1,1,35
137483754,137478804,1200.0,0.63028544,0.041732285,1.0353582,0.0,255,190,6,4,0,0,1,1,1,1,35
138494056,137478804,1200.0,0.63028544,0.04195473,1.5493282,0.0,255,190,6,4,0,0,1,1,1,1,35
139504897,138496128,1200.0,0.63028544,0.04163119,1.2112693,0.0,255,190,6,4,0,0,1,1,1,1,35
139657151,139652267,1200.0,0.63028544,0.04163119,1.2112693,0.0,255,190,6,4,0,0,1,1,1,1,35
141507160,141498410,1200.0,0.63028544,0.041751783,1.3092166,0.0,255,190,6,4,0,0,1,1,1,1,35
142514955,141498410,1200.0,0.63028544,0.04179574,1.3792595,0.0,255,190,6,4,0,0,1,1,1,1,35
143562875,142559196,1200.0,0.63028544,0.067847475,1.0785753,0.0,255,190,6,4,0,0,1,1,1,1,35
144501337,144500417,1200.0,0.63028544,0.041697357,1.2648199,0.0,255,190,6,4,0,0,1,1,1,1,35
145509915,144500417,1200.0,0.63028544,0.04171007,1.2870536,0.0,255,190,6,4,0,0,1,1,1,1,35
146495263,146485882,1200.0,0.63028544,0.04183854,1.3059602,0.0,255,190,6,4,0,0,1,1,1,1,35
147509883,147502414,1200.0,0.63028544,0.04153222,1.1965234,0.0,255,190,6,4,0,0,1,1,1,1,35
148517985,147502414,1200.0,0.63028544,0.041477013,1.2828248,0.0,255,190,6,4,0,0,1,1,1,1,35
149491438,149482444,1200.0,0.63028544,0.041795824,1.247904,0.0,255,190,6,4,0,0,1,1,1,1,35
150494216,149482444,1200.0,0.63028544,0.041763783,1.3066097,0.0,255,190,6,4,0,0,1,1,1,1,35
151515935,150504508,1200.0,0.63028544,0.041863397,1.1821426,0.0,255,190,6,4,0,0,1,1,1,1,35
152500148,152491899,1200.0,0.63028544,0.041564733,1.2914757,0.0,255,190,6,4,0,0,1,1,1,1,35
153504881,152491899,1200.0,0.63028544,0.041598406,1.2321051,0.0,255,190,6,4,0,0,1,1,1,1,35
154518363,153507208,1200.0,0.63028544,0.04184267,1.3120666,0.0,255,190,6,4,0,0,1,1,1,1,35
154667389,154662418,1200.0,0.63028544,0.04184267,1.3120666,0.0,255,190,6,4,0,0,1,1,1,1,35
156517989,156509428,1200.0,0.63028544,0.04192788,1.2728107,0.0,255,190,6,4,0,0,1,1,1,1,35
157530342,156509428,1200.0,0.63028544,0.041610193,1.3909694,0.0,255,190,6,4,0,0,1,1,1,1,35
158499869,158490426,1200.0,0.63028544,0.041665506,1.2817104,0.0,255,190,6,4,0,0,1,1,1,1,35
159513797,159513031,1200.0,0.63028544,0.041703694,0.994931,0.0,255,190,6,4,0,0,1,1,1,1,35
160518415,159513031,1200.0,0.63028544,0.041889157,1.5070124,0.0,255,190,6,4,0,0,1,1,1,1,35
160574271,160570487,1200.0,0.63028544,0.041889157,1.5070124,0.0,255,190,6,4,0,0,1,1,1,1,35
161493867,161491883,1200.0,0.63028544,0.041495986,1.2172157,0.0,255,190,6,4,0,0,1,1,1,1,35
163497165,161491883,1200.0,0.63028544,0.020949092,1.3177977,0.0,255,190,6,4,0,0,1,1,1,1,35
163677162,163668406,1200.0,0.63028544,0.020949092,1.3177977,0.0,255,190,6,4,0,0,1,1,1,1,35
164592762,164592403,1200.0,0.63028544,0.041686803,1.446135,0.0,255,190,6,4,0,0,1,1,1,1,35
166524193,165515407,1200.0,0.63028544,0.041713387,1.2960945,0.0,255,190,6,4,0,0,1,1,1,1,35
166677104,166670411,1200.0,0.63028544,0.041713387,1.2960945,0.0,255,190,6,4,0,0,1,1,1,1,35
167596805,167595452,1200.0,0.63028544,0.041800402,1.2898409,0.0,255,190,6,4,0,0,1,1,1,1,35
169526141,168518294,1200.0,0.63028544,0.041941114,1.2222838,0.0,255,190,6,4,0,0,1,1,1,1,35
169678195,169670429,1200.0,0.63028544,0.041941114,1.2222838,0.0,255,190,6,4,0,0,1,1,1,1,35
170529503,170515422,1200.0,0.63028544,0.041756473,1.2785435,0.0,255,190,6,4,0,0,1,1,1,1,35
172525757,171518826,1200.0,0.63028544,0.04191487,1.3113366,0.0,255,190,6,4,0,0,1,1,1,1,35
173528038,171518826,1200.0,0.63028544,0.020799965,1.2440361,0.0,255,190,6,4,0,0,1,1,1,1,35
173598266,173595810,1200.0,0.63028544,0.020799965,1.2440361,0.0,255,190,6,4,0,0,1,1,1,1,35
175530306,174519410,1200.0,0.63028544,0.041672785,1.3107083,0.0,255,190,6,4,0,0,1,1,1,1,35
175680757,175674295,1200.0,0.63028544,0.041672785,1.3107083,0.0,255,190,6,4,0,0,1,1,1,1,35
177530481,177519422,1200.0,0.63028544,0.0416653,1.2003576,0.0,255,190,6,4,0,0,1,1,1,1,35
178532069,177519422,1200.0,0.63028544,0.041542366,1.1028509,0.0,255,190,6,4,0,0,1,1,1,1,35
178678469,178676503,1200.0,0.63028544,0.041542366,1.1028509,0.0,255,190,6,4,0,0,1,1,1,1,35
180528219,180521414,1200.0,0.63028544,0.041626442,1.3072685,0.0,255,190,6,4,0,0,1,1,1,1,35
181532246,180521414,1200.0,0.63028544,0.041946556,1.0276906,0.0,255,190,6,4,0,0,1,1,1,1,35
181676347,181675413,1200.0,0.63028544,0.041946556,1.0276906,0.0,255,190,6,4,0,0,1,1,1,1,35
183522152,183521989,1200.0,0.63028544,0.041670263,1.2739195,0.0,255,190,6,4,0,0,1,1,1,1,35
184523756,183521989,1200.0,0.63028544,0.041917004,1.0998223,0.0,255,190,6,4,0,0,1,1,1,1,35
184677878,184676414,1200.0,0.63028544,0.041917004,1.0998223,0.0,255,190,6,4,0,0,1,1,1,1,35
186537508,186524382,1200.0,0.63028544,0.04181305,1.3320444,0.0,255,190,6,4,0,0,1,1,1,1,35
187542776,186524382,1200.0,0.63028544,0.041549683,1.2870508,0.0,255,190,6,4,0,0,1,1,1,1,35
187687452,187678201,1200.0,0.63028544,0.041549683,1.2870508,0.0,255,190,6,4,0,0,1,1,1,1,35
189531224,189526856,1200.0,0.63028544,0.041845128,1.2125124,0.0,255,190,6,4,0,0,1,1,1,1,35
190540149,189526856,1200.0,0.63028544,0.041689742,1.3251382,0.0,255,190,6,4,0,0,1,1,1,1,35
190682469,190678410,1200.0,0.63028544,0.041689742,1.3251382,0.0,255,190,6,4,0,0,1,1,1,1,35
192526955,192526247,1200.0,0.63028544,0.04178834,1.2745444,0.0,255,190,6,4,0,0,1,1,1,1,35
193527075,192526247,1200.0,0.63028544,0.041578107,1.2186345,0.0,255,190,6,4,0,0,1,1,1,1,35
193601175,193594417,1200.0,0.63028544,0.041578107,1.2186345,0.0,255,190,6,4,0,0,1,1,1,1,35
194605298,194604886,1200.0,0.63028544,0.041735604,1.309703,0.0,255,190,6,4,0,0,1,1,1,1,35
196456025,196451293,1200.0,0.63028544,0.04169947,1.226163,0.0,255,190,6,4,0,0,1,1,1,1,35
197458091,196451293,1200.0,0.63028544,0.06274619,1.2559197,0.0,255,190,6,4,0,0,1,1,1,1,35
197609840,197605417,1200.0,0.63028544,0.020986358,1.1332633,0.0,255,190,6,4,0,0,1,1,1,1,35
199457463,199456948,1200.0,0.63028544,0.04190893,1.4698061,0.0,255,190,6,4,0,0,1,1,1,1,35
200466317,199456948,1200.0,0.63028544,0.062331554,1.2100236,0.0,255,190,6,4,0,0,1,1,1,1,35
200620937,200607841,1200.0,0.63028544,0.020784834,1.0600265,0.0,255,190,6,4,0,0,1,1,1,1,35
202456453,202456179,1200.0,0.63028544,0.04191215,1.4389838,0.0,255,190,6,4,0,0,1,1,1,1,35
203467059,202456179,1200.0,0.63028544,0.06259824,1.2927034,0.0,255,190,6,4,0,0,1,1,1,1,35
203613914,203609883,1200.0,0.63028544,0.020855367,1.1182449,0.0,255,190,6,4,0,0,1,1,1,1,35
205469773,205457410,1200.0,0.63028544,0.04185038,1.3770769,0.0,255,190,6,4,0,0,1,1,1,1,35
206477878,205457410,1200.0,0.63028544,0.06276238,1.3568628,0.0,255,190,6,4,0,0,1,1,1,1,35
206619056,206612079,1200.0,0.63028544,0.02080959,1.0117425,0.0,255,190,6,4,0,0,1,1,1,1,35
208469056,208459903,1200.0,0.63028544,0.041922398,1.1448808,0.0,255,190,6,4,0,0,1,1,1,1,35
209476930,208459903,1200.0,0.63028544,0.06270322,1.3217441,0.0,255,190,6,4,0,0,1,1,1,1,35
209614419,209613204,1200.0,0.63028544,0.0209838,1.1381214,0.0,255,190,6,4,0,0,1,1,1,1,35
211468267,211461407,1200.0,0.63028544,0.059708737,1.236966,0.0,255,190,6,4,0,0,1,1,1,1,35
212470219,211461407,1200.0,0.63028544,0.04488245,1.1509856,0.0,255,190,6,4,0,0,1,1,1,1,35
212617058,212616292,1200.0,0.63028544,0.020854454,1.1807594,0.0,255,190,6,4,0,0,1,1,1,1,35
214473071,214462429,1200.0,0.63028544,0.06263409,1.2268327,0.0,255,190,6,4,0,0,1,1,1,1,35
215480766,214462429,1200.0,0.63028544,0.041321173,1.2465221,0.0,255,190,6,4,0,0,1,1,1,1,35
215619369,215619038,1200.0,0.63028544,0.020858517,1.1084812,0.0,255,190,6,4,0,0,1,1,1,1,35
217471251,217464995,1200.0,0.63028544,0.062633716,1.3192848,0.0,255,190,6,4,0,0,1,1,1,1,35
218475823,217464995,1200.0,0.63028544,0.041890413,1.1509889,0.0,255,190,6,4,0,0,1,1,1,1,35
218543757,218539435,1200.0,0.63028544,0.041890413,1.1509889,0.0,255,190,6,4,0,0,1,1,1,1,35
220471288,220468485,1200.0,0.63028544,0.041662656,0.98998404,0.0,255,190,6,4,0,0,1,1,1,1,35
221478346,220468485,1200.0,0.63028544,0.041992776,1.5007418,0.0,255,190,6,4,0,0,1,1,1,1,35
222459148,222449454,1200.0,0.63028544,0.020711651,1.1440722,0.0,255,190,6,4,0,0,1,1,1,1,35
223469927,223469640,1200.0,0.63028544,0.06257996,1.0549194,0.0,255,190,6,4,0,0,1,1,1,1,35
224470428,223469640,1200.0,0.63028544,0.06764338,1.2812452,0.0,255,190,6,4,0,0,1,1,1,1,35
224582351,224575050,1200.0,0.63028544,0.06764338,1.2812452,0.0,255,190,6,4,0,0,1,1,1,1,35
226479910,226474327,1200.0,0.63028544,0.04167725,1.0022386,0.0,255,190,6,4,0,0,1,1,1,1,35
227495263,226474327,1200.0,0.63028544,0.041441657,1.2215421,0.0,255,190,6,4,0,0,1,1,1,1,35
227626365,227626098,1200.0,0.63028544,0.041441657,1.2215421,0.0,255,190,6,4,0,0,1,1,1,1,35
229479795,229476787,1200.0,0.63028544,0.041663356,1.2776762,0.0,255,190,6,4,0,0,1,1,1,1,35
230486945,229476787,1200.0,0.63028544,0.041911148,1.104658,0.0,255,190,6,4,0,0,1,1,1,1,35
230632433,230630792,1200.0,0.63028544,0.041911148,1.104658,0.0,255,190,6,4,0,0,1,1,1,1,35
232476817,232476267,1200.0,0.63028544,0.041546434,1.1909978,0.0,255,190,6,4,0,0,1,1,1,1,35
233486203,232476267,1200.0,0.63028544,0.04181247,1.2324723,0.0,255,190,6,4,0,0,1,1,1,1,35
234464297,234461417,1200.0,0.63028544,0.0419142,1.2175077,0.0,255,190,6,4,0,0,1,1,1,1,35
235486123,235477413,1200.0,0.63028544,0.0417972,1.2230656,0.0,255,190,6,4,0,0,1,1,1,1,35
236489164,235477413,1200.0,0.63028544,0.041826252,1.1870688,0.0,255,190,6,4,0,0,1,1,1,1,35
236636975,236634271,1200.0,0.63028544,0.041826252,1.1870688,0.0,255,190,6,4,0,0,1,1,1,1,35
238481135,238479411,1200.0,0.63028544,0.041897602,1.0733767,0.0,255,190,6,4,0,0,1,1,1,1,35
239482313,238479411,1200.0,0.63028544,0.04161638,1.1821034,0.0,255,190,6,4,0,0,1,1,1,1,35
239553146,239547948,1200.0,0.63028544,0.04161638,1.1821034,0.0,255,190,6,4,0,0,1,1,1,1,35
241483180,241481474,1200.0,0.63028544,0.041670095,1.2193464,0.0,255,190,6,4,0,0,1,1,1,1,35
242493102,241481474,1200.0,0.63028544,0.041935712,0.9874862,0.0,255,190,6,4,0,0,1,1,1,1,35
242558464,242557234,1200.0,0.63028544,0.041935712,0.9874862,0.0,255,190,6,4,0,0,1,1,1,1,35
244488798,244481418,1200.0,0.63028544,0.04184321,1.3618969,0.0,255,190,6,4,0,0,1,1,1,1,35
245498917,244481418,1200.0,0.63028544,0.04182592,1.264736,0.0,255,190,6,4,0,0,1,1,1,1,35
246472365,246471864,1200.0,0.63028544,0.04155725,1.3426949,0.0,255,190,6,4,0,0,1,1,1,1,35
247488871,247484406,1200.0,0.63028544,0.041922234,1.5042096,0.0,255,190,6,4,0,0,1,1,1,1,35
248493021,247484406,1200.0,0.63028544,0.04182042,0.9847713,0.0,255,190,6,4,0,0,1,1,1,1,35
249474067,249467407,1200.0,0.63028544,0.041795243,1.3742673,0.0,255,190,6,4,0,0,1,1,1,1,35
250486893,250486410,1200.0,0.63028544,0.041600097,1.1836218,0.0,255,190,6,4,0,0,1,1,1,1,35
251488997,250486410,1200.0,0.63028544,0.04160937,1.4474117,0.0,255,190,6,4,0,0,1,1,1,1,35
251641396,251640480,1200.0,0.63028544,0.04160937,1.4474117,0.0,255,190,6,4,0,0,1,1,1,1,35
253493778,253487414,1200.0,0.63028544,0.041617118,1.287158,0.0,255,190,6,4,0,0,1,1,1,1,35
254493801,253487414,1200.0,0.63028544,0.06788751,1.2519255,0.0,255,190,6,4,0,0,1,1,1,1,35
255480848,255478003,1200.0,0.63028544,0.041616585,1.3951464,0.0,255,190,6,4,0,0,1,1,1,1,35
256493754,256489414,1200.0,0.63028544,0.041964624,1.2469488,0.0,255,190,6,4,0,0,1,1,1,1,35
257503038,256489414,1200.0,0.63028544,0.041448444,1.3066128,0.0,255,190,6,4,0,0,1,1,1,1,35
257545875,257545050,1200.0,0.63028544,0.041448444,1.3066128,0.0,255,190,6,4,0,0,1,1,1,1,35
259492059,259491423,1200.0,0.63028544,0.041573454,1.2858075,0.0,255,190,6,4,0,0,1,1,1,1,35
260500986,259491423,1200.0,0.63028544,0.0417735,1.2392806,0.0,255,190,6,4,0,0,1,1,1,1,35
260649841,260649643,1200.0,0.63028544,0.0417735,1.2392806,0.0,255,190,6,4,0,0,1,1,1,1,35
262492892,262490880,1200.0,0.63028544,0.04193127,1.5424719,0.0,255,190,6,4,0,0,1,1,1,1,35
263502217,262490880,1200.0,0.63028544,0.041955147,1.322586,0.0,255,190,6,4,0,0,1,1,1,1,35
264489216,264482410,1200.0,0.63028544,0.041508578,1.0950358,0.0,255,190,6,4,0,0,1,1,1,1,35
265501220,265493404,1200.0,0.63028544,0.04179437,1.4548421,0.0,255,190,6,4,0,0,1,1,1,1,35
266507095,265493404,1200.0,0.63028544,0.04181201,1.3608814,0.0,255,190,6,4,0,0,1,1,1,1,35
266651299,266646842,1200.0,0.63028544,0.04181201,1.3608814,0.0,255,190,6,4,0,0,1,1,1,1,35
268493084,268492973,1200.0,0.63028544,0.041580904,1.2632675,0.0,255,190,6,4,0,0,1,1,1,1,35
269497753,268492973,1200.0,0.63028544,0.041885693,1.4370781,0.0,255,190,6,4,0,0,1,1,1,1,35
269560753,269551414,1200.0,0.63028544,0.041885693,1.4370781,0.0,255,190,6,4,0,0,1,1,1,1,35
271496024,271492454,1200.0,0.63028544,0.041993026,1.4587578,0.0,255,190,6,4,0,0,1,1,1,1,35
272504447,271492454,1200.0,0.63028544,0.04159165,1.2170509,0.0,255,190,6,4,0,0,1,1,1,1,35
273481049,273477954,1200.0,0.63028544,0.041808475,1.4264653,0.0,255,190,6,4,0,0,1,1,1,1,35
274496302,274495945,1200.0,0.63028544,0.067706354,1.276464,0.0,255,190,6,4,0,0,1,1,1,1,35
275556408,275551406,1200.0,0.63028544,0.04169769,1.3204268,0.0,255,190,6,4,0,0,1,1,1,1,35
276559329,275551406,1200.0,0.63028544,0.041884147,1.2525355,0.0,255,190,6,4,0,0,1,1,1,1,35
277491900,277491401,1200.0,0.63028544,0.041893754,1.448327,0.0,255,190,6,4,0,0,1,1,1,1,35
278500762,277491401,1200.0,0.63028544,0.041592024,1.183392,0.0,255,190,6,4,0,0,1,1,1,1,35
279481166,279475269,1200.0,0.63028544,0.04167849,1.3138648,0.0,255,190,6,4,0,0,1,1,1,1,35
280503277,280491455,1200.0,0.63028544,0.06281676,1.1307017,0.0,255,190,6,4,0,0,1,1,1,1,35
281514226,280491455,1200.0,0.63028544,0.020992925,1.5214872,0.0,255,190,6,4,0,0,1,1,1,1,35
282483873,282483418,1200.0,0.63028544,0.06237809,1.287167,0.0,255,190,6,4,0,0,1,1,1,1,35
283499883,283491421,1200.0,0.63028544,0.020904321,1.1586967,0.0,255,190,6,4,0,0,1,1,1,1,35
284557883,284551420,1200.0,0.63028544,0.041765153,1.4130543,0.0,255,190,6,4,0,0,1,1,1,1,35
285566089,284551420,1200.0,0.63028544,0.041856933,1.4032038,0.0,255,190,6,4,0,0,1,1,1,1,35
286490981,286490401,1200.0,0.63028544,0.06261056,1.0663671,0.0,255,190,6,4,0,0,1,1,1,1,35
287498088,286490401,1200.0,0.63028544,0.04168672,1.3577961,0.0,255,190,6,4,0,0,1,1,1,1,35
288470870,288470148,1200.0,0.63028544,0.041803356,1.4452018,0.0,255,190,6,4,0,0,1,1,1,1,35
289499994,289493383,1200.0,0.63028544,0.041935917,1.1093049,0.0,255,190,6,4,0,0,1,1,1,1,35
290553756,290547909,1200.0,0.63028544,0.041999117,1.2459737,0.0,255,190,6,4,0,0,1,1,1,1,35
291556934,290547909,1200.0,0.63028544,0.041851927,1.2814661,0.0,255,190,6,4,0,0,1,1,1,1,35
292500435,292495217,1200.0,0.63028544,0.041944005,1.4071214,0.0,255,190,6,4,0,0,1,1,1,1,35
293512839,292495217,1200.0,0.63028544,0.041919973,1.4592143,0.0,255,190,6,4,0,0,1,1,1,1,35
294470368,294470048,1200.0,0.63028544,0.020897537,1.2558426,0.0,255,190,6,4,0,0,1,1,1,1,35
295503040,295492407,1200.0,0.63028544,0.0628841,1.3515091,0.0,255,190,6,4,0,0,1,1,1,1,35
296510296,295492407,1200.0,0.63028544,0.041543845,1.2848918,0.0,255,190,6,4,0,0,1,1,1,1,35
296651361,296650459,1200.0,0.63028544,0.041543845,1.2848918,0.0,255,190,6,4,0,0,1,1,1,1,35
298502756,298494885,1200.0,0.63028544,0.041992817,1.2537856,0.0,255,190,6,4,0,0,1,1,1,1,35
299551243,299550876,1200.0,0.63028544,0.041779444,1.2911838,0.0,255,190,6,4,0,0,1,1,1,1,35
300557337,299550876,1200.0,0.63028544,0.04160727,1.4721048,0.0,255,190,6,4,0,0,1,1,1,1,35
301498174,301495370,1200.0,0.63028544,0.041774333,1.2651656,0.0,255,190,6,4,0,0,1,1,1,1,35
302505067,301495370,1200.0,0.63028544,0.04171181,1.0735825,0.0,255,190,6,4,0,0,1,1,1,1,35
302650935,302648403,1200.0,0.63028544,0.04171181,1.0735825,0.0,255,190,6,4,0,0,1,1,1,1,35
304501854,304495275,1200.0,0.63028544,0.041736145,1.355431,0.0,255,190,6,4,0,0,1,1,1,1,35
305543983,305540187,1200.0,0.63028544,0.02082924,1.064275,0.0,255,190,6,4,0,0,1,1,1,1,35
306544941,305540187,1200.0,0.63028544,0.062462382,1.4326689,0.0,255,190,6,4,0,0,1,1,1,1,35
307499883,307498798,1200.0,0.63028544,0.041891374,1.4103429,0.0,255,190,6,4,0,0,1,1,1,1,35
308499941,307498798,1200.0,0.63028544,0.04199034,1.1877267,0.0,255,190,6,4,0,0,1,1,1,1,35
308653848,308653298,1200.0,0.63028544,0.04199034,1.1877267,0.0,255,190,6,4,0,0,1,1,1,1,35
310502875,310497806,1200.0,0.63028544,0.04199832,1.3779448,0.0,255,190,6,4,0,0,1,1,1,1,35
311512392,310497806,1200.0,0.63028544,0.04162541,1.2666018,0.0,255,190,6,4,0,0,1,1,1,1,35
311658272,311655061,1200.0,0.63028544,0.04162541,1.2666018,0.0,255,190,6,4,0,0,1,1,1,1,35
313450145,313449430,1200.0,0.63028544,0.041997813,1.2379355,0.0,255,190,6,4,0,0,1,1,1,1,35
314459089,313449430,1200.0,0.63028544,0.04195234,1.3135078,0.0,255,190,6,4,0,0,1,1,1,1,35
314578035,314577785,1200.0,0.63028544,0.04195234,1.3135078,0.0,255,190,6,4,0,0,1,1,1,1,35
316507671,316502418,1200.0,0.63028544,0.041888367,1.2865713,0.0,255,190,6,4,0,0,1,1,1,1,35
317514793,316502418,1200.0,0.63028544,0.041735604,1.2739296,0.0,255,190,6,4,0,0,1,1,1,1,35
317667217,317656482,1200.0,0.63028544,0.041735604,1.2739296,0.0,255,190,6,4,0,0,1,1,1,1,35
318584794,318580414,1200.0,0.63028544,0.04188139,1.46186,0.0,255,190,6,4,0,0,1,1,1,1,35
320579842,320579410,1200.0,0.63028544,0.02078866,1.3146353,0.0,255,190,6,4,0,0,1,1,1,1,35
321581962,320579410,1200.0,0.63028544,0.04175062,1.0228902,0.0,255,190,6,4,0,0,1,1,1,1,35
322510110,322506406,1200.0,0.63028544,0.04165501,1.6136358,0.0,255,190,6,4,0,0,1,1,1,1,35
323518879,322506406,1200.0,0.63028544,0.041659266,1.2527536,0.0,255,190,6,4,0,0,1,1,1,1,35
323583295,323575421,1200.0,0.63028544,0.041659266,1.2527536,0.0,255,190,6,4,0,0,1,1,1,1,35
325510765,325508260,1200.0,0.63028544,0.04197695,1.3792427,0.0,255,190,6,4,0,0,1,1,1,1,35
326516263,325508260,1200.0,0.63028544,0.04175386,1.3778774,0.0,255,190,6,4,0,0,1,1,1,1,35
326669230,326662414,1200.0,0.63028544,0.04175386,1.3778774,0.0,255,190,6,4,0,0,1,1,1,1,35
328519080,328509826,1200.0,0.63028544,0.041593503,1.3498082,0.0,255,190,6,4,0,0,1,1,1,1,35
329526001,328509826,1200.0,0.63028544,0.041622978,1.3468006,0.0,255,190,6,4,0,0,1,1,1,1,35
329664989,329664401,1200.0,0.63028544,0.041622978,1.3468006,0.0,255,190,6,4,0,0,1,1,1,1,35
331523176,331513187,1200.0,0.63028544,0.04195494,1.3165859,0.0,255,190,6,4,0,0,1,1,1,1,35
332524895,331513187,1200.0,0.63028544,0.041966382,1.2450027,0.0,255,190,6,4,0,0,1,1,1,1,35
332674169,332665835,1200.0,0.63028544,0.041966382,1.2450027,0.0,255,190,6,4,0,0,1,1,1,1,35
334513753,334513418,1200.0,0.63028544,0.041739337,1.3555346,0.0,255,190,6,4,0,0,1,1,1,1,35
335521420,334513418,1200.0,0.63028544,0.041656416,1.2377907,0.0,255,190,6,4,0,0,1,1,1,1,35
335593419,335591073,1200.0,0.63028544,0.041656416,1.2377907,0.0,255,190,6,4,0,0,1,1,1,1,35
337523823,337515874,1200.0,0.63028544,0.041610315,1.357289,0.0,255,190,6,4,0,0,1,1,1,1,35
338534171,337515874,1200.0,0.63028544,0.04172437,1.2686194,0.0,255,190,6,4,0,0,1,1,1,1,35
339501422,339498421,1200.0,0.63028544,0.041702658,1.2461151,0.0,255,190,6,4,0,0,1,1,1,1,35
340520271,340517805,1200.0,0.63028544,0.041950412,1.2015797,0.0,255,190,6,4,0,0,1,1,1,1,35
341524270,340517805,1200.0,0.63028544,0.041592147,1.5805016,0.0,255,190,6,4,0,0,1,1,1,1,35
341584005,341580016,1200.0,0.63028544,0.041592147,1.5805016,0.0,255,190,6,4,0,0,1,1,1,1,35
343522249,343519426,1200.0,0.63028544,0.067958064,1.0623444,0.0,255,190,6,4,0,0,1,1,1,1,35
344527753,343519426,1200.0,0.63028544,0.041775662,1.4820414,0.0,255,190,6,4,0,0,1,1,1,1,35
345510952,345502470,1200.0,0.63028544,0.04149115,1.3227774,0.0,255,190,6,4,0,0,1,1,1,1,35
346532407,346527135,1200.0,0.63028544,0.04159742,1.1627469,0.0,255,190,6,4,0,0,1,1,1,1,35
347541143,346527135,1200.0,0.63028544,0.041968353,1.2980212,0.0,255,190,6,4,0,0,1,1,1,1,35
347594313,347584705,1200.0,0.63028544,0.041968353,1.2980212,0.0,255,190,6,4,0,0,1,1,1,1,35
348599912,348599473,1200.0,0.63028544,0.041795492,1.5135939,0.0,255,190,6,4,0,0,1,1,1,1,35
350447762,350447410,1200.0,0.63028544,0.041830793,1.3097022,0.0,255,190,6,4,0,0,1,1,1,1,35
351456029,350447410,1200.0,0.63028544,0.041986857,1.2166191,0.0,255,190,6,4,0,0,1,1,1,1,35
351602973,351602472,1200.0,0.63028544,0.041986857,1.2166191,0.0,255,190,6,4,0,0,1,1,1,1,35
353453472,353452450,1200.0,0.63028544,0.06738711,1.2952199,0.0,255,190,6,4,0,0,1,1,1,1,35
354516189,354513941,1200.0,0.63028544,0.041586626,1.2872051,0.0,255,190,6,4,0,0,1,1,1,1,35
355519451,354513941,1200.0,0.63028544,0.041703362,1.2769172,0.0,255,190,6,4,0,0,1,1,1,1,35
356461310,356451404,1200.0,0.63028544,0.041596718,1.3944805,0.0,255,190,6,4,0,0,1,1,1,1,35
357470089,356451404,1200.0,0.63028544,0.04195146,1.1936189,0.0,255,190,6,4,0,0,1,1,1,1,35
357522764,357516849,1200.0,0.63028544,0.04195146,1.1936189,0.0,255,190,6,4,0,0,1,1,1,1,35
359462121,359453500,1200.0,0.63028544,0.041760795,1.2677383,0.0,255,190,6,4,0,0,1,1,1,1,35
360469753,359453500,1200.0,0.63028544,0.041653275,1.5778658,0.0,255,190,6,4,0,0,1,1,1,1,35
360615860,360610873,1200.0,0.63028544,0.041653275,1.5778658,0.0,255,190,6,4,0,0,1,1,1,1,35
362458241,362454251,1200.0,0.63028544,0.04197049,1.1411977,0.0,255,190,6,4,0,0,1,1,1,1,35
363458817,362454251,1200.0,0.63028544,0.067920595,1.5112332,0.0,255,190,6,4,0,0,1,1,1,1,35
363614207,363609973,1200.0,0.63028544,0.067920595,1.5112332,0.0,255,190,6,4,0,0,1,1,1,1,35
365463050,365453406,1200.0,0.63028544,0.041631643,1.0635893,0.0,255,190,6,4,0,0,1,1,1,1,35
366468456,365453406,1200.0,0.63028544,0.04182896,1.4520625,0.0,255,190,6,4,0,0,1,1,1,1,35
366608092,366607406,1200.0,0.63028544,0.04182896,1.4520625,0.0,255,190,6,4,0,0,1,1,1,1,35
368462304,368455419,1200.0,0.63028544,0.041994747,1.1148605,0.0,255,190,6,4,0,0,1,1,1,1,35
369465947,368455419,1200.0,0.63028544,0.0418014,1.2361271,0.0,255,190,6,4,0,0,1,1,1,1,35
369529014,369525425,1200.0,0.63028544,0.0418014,1.2361271,0.0,255,190,6,4,0,0,1,1,1,1,35
371460072,371456416,1200.0,0.63028544,0.041630402,1.213229,0.0,255,190,6,4,0,0,1,1,1,1,35
372467399,371456416,1200.0,0.63028544,0.041941907,1.4430014,0.0,255,190,6,4,0,0,1,1,1,1,35
372509042,372508416,1200.0,0.63028544,0.041941907,1.4430014,0.0,255,190,6,4,0,0,1,1,1,1,35
374464701,374458037,1200.0,0.63028544,0.041724283,1.3719342,0.0,255,190,6,4,0,0,1,1,1,1,35
375522853,375518406,1200.0,0.63028544,0.041866526,1.2819132,0.0,255,190,6,4,0,0,1,1,1,1,35
376523397,375518406,1200.0,0.63028544,0.041684322,1.359703,0.0,255,190,6,4,0,0,1,1,1,1,35
377463450,377460410,1200.0,0.63028544,0.04189877,1.1991029,0.0,255,190,6,4,0,0,1,1,1,1,35
378530307,378526025,1200.0,0.63028544,0.041662823,1.5256529,0.0,255,190,6,4,0,0,1,1,1,1,35
379531904,378526025,1200.0,0.63028544,0.041887656,1.1608864,0.0,255,190,6,4,0,0,1,1,1,1,35
380470197,380462452,1200.0,0.63028544,0.04166034,1.344042,0.0,255,190,6,4,0,0,1,1,1,1,35
381471179,380462452,1200.0,0.63028544,0.041546848,1.0218546,0.0,255,190,6,4,0,0,1,1,1,1,35
381618070,381617889,1200.0,0.63028544,0.041546848,1.0218546,0.0,255,190,6,4,0,0,1,1,1,1,35
383472051,383463792,1200.0,0.63028544,0.07971414,1.3033262,0.0,255,190,6,4,0,0,1,1,1,1,35
384523192,384522455,1200.0,0.63028544,0.029801372,1.1165581,0.0,255,190,6,4,0,0,1,1,1,1,35
385531919,384522455,1200.0,0.63028544,0.0419736,1.4071149,0.0,255,190,6,4,0,0,1,1,1,1,35
386472754,386464417,1200.0,0.63028544,0.06279134,1.4162936,0.0,255,190,6,4,0,0,1,1,1,1,35
387478338,386464417,1200.0,0.63028544,0.020884113,0.95171887,0.0,255,190,6,4,0,0,1,1,1,1,35
387626145,387619410,1200.0,0.63028544,0.020884113,0.95171887,0.0,255,190,6,4,0,0,1,1,1,1,35
389475371,389466781,1200.0,0.63028544,0.041640308,1.3652073,0.0,255,190,6,4,0,0,1,1,1,1,35
390537069,390527410,1200.0,0.63028544,0.020811612,1.1654502,0.0,255,190,6,4,0,0,1,1,1,1,35
391540507,390527410,1200.0,0.63028544,0.04155544,1.3228481,0.0,255,190,6,4,0,0,1,1,1,1,35
392467894,392466401,1200.0,0.63028544,0.04155544,1.3228481,0.0,255,190,6,4,0,0,1,1,1,1,35
393478167,392466401,1200.0,0.63028544,0.06273707,1.2935785,0.0,255,190,6,4,0,0,1,1,1,1,35
393625886,393620418,1200.0,0.63028544,0.04677566,1.3714226,0.0,255,190,6,4,0,0,1,1,1,1,35
394550068,394548368,1200.0,0.63028544,0.041958164,1.3676363,0.0,255,190,6,4,0,0,1,1,1,1,35
396469620,395467803,1200.0,0.63028544,0.06279697,1.244975,0.0,255,190,6,4,0,0,1,1,1,1,35
397474785,395467803,1200.0,0.63028544,0.020884342,1.3604658,0.0,255,190,6,4,0,0,1,1,1,1,35
398470462,398469069,1200.0,0.63028544,0.02092759,1.2815658,0.0,255,190,6,4,0,0,1,1,1,1,35
399527974,399522408,1200.0,0.63028544,0.0624177,1.3177071,0.0,255,190,6,4,0,0,1,1,1,1,35
400541837,399522408,1200.0,0.63028544,0.041911524,1.2393836,0.0,255,190,6,4,0,0,1,1,1,1,35
401472036,401469410,1200.0,0.63028544,0.04188874,1.2626463,0.0,255,190,6,4,0,0,1,1,1,1,35
402480088,401469410,1200.0,0.63028544,0.04182721,1.3982239,0.0,255,190,6,4,0,0,1,1,1,1,35
402629016,402623406,1200.0,0.63028544,0.020795373,1.3417966,0.0,255,190,6,4,0,0,1,1,1,1,35
404485091,404470410,1200.0,0.63028544,0.062488962,1.1178582,0.0,255,190,6,4,0,0,1,1,1,1,35
405487456,404470410,1200.0,0.63028544,0.041752033,1.6164001,0.0,255,190,6,4,0,0,1,1,1,1,35
406457869,406450853,1200.0,0.63028544,0.020898808,1.2887598,0.0,255,190,6,4,0,0,1,1,1,1,35
407478861,407472410,1200.0,0.63028544,0.06273632,1.1372201,0.0,255,190,6,4,0,0,1,1,1,1,35
408480966,407472410,1200.0,0.63028544,0.04193299,1.2979258,0.0,255,190,6,4,0,0,1,1,1,1,35
408632190,408628130,1200.0,0.63028544,0.020982668,1.5187454,0.0,255,190,6,4,0,0,1,1,1,1,35
410475926,410475418,1200.0,0.63028544,0.062382907,1.0109992,0.0,255,190,6,4,0,0,1,1,1,1,35
411485802,410475418,1200.0,0.63028544,0.041940317,1.3530746,0.0,255,190,6,4,0,0,1,1,1,1,35
411630842,411627417,1200.0,0.63028544,0.020894399,1.3024175,0.0,255,190,6,4,0,0,1,1,1,1,35
413479753,413475404,1200.0,0.63028544,0.062439293,1.3350115,0.0,255,190,6,4,0,0,1,1,1,1,35
414483873,413475404,1200.0,0.63028544,0.041614935,1.3088888,0.0,255,190,6,4,0,0,1,1,1,1,35
414632500,414632301,1200.0,0.63028544,0.04173104,1.2777647,0.0,255,190,6,4,0,0,1,1,1,1,35
416480371,416476428,1200.0,0.63028544,0.04186319,1.2419412,0.0,255,190,6,4,0,0,1,1,1,1,35
417484416,416476428,1200.0,0.63028544,0.04190851,1.404933,0.0,255,190,6,4,0,0,1,1,1,1,35
417633140,417631385,1200.0,0.63028544,0.04190851,1.404933,0.0,255,190,6,4,0,0,1,1,1,1,35
419564096,418555506,1200.0,0.63028544,0.041600015,1.3113909,0.0,255,190,6,4,0,0,1,1,1,1,35
420571203,418555506,1200.0,0.63028544,0.020997101,1.383809,0.0,255,190,6,4,0,0,1,1,1,1,35
420639224,420633418,1200.0,0.63028544,0.020997101,1.383809,0.0,255,190,6,4,0,0,1,1,1,1,35
421652314,420633418,1200.0,0.63028544,0.041563623,1.3626931,0.0,255,190,6,4,0,0,1,1,1,1,35
422655363,420633418,1200.0,0.63028544,0.020965302,1.3088338,0.0,255,190,6,4,0,0,1,1,1,1,35
424499005,424496410,1200.0,0.63028544,0.04195955,1.5644917,0.0,255,190,6,4,0,0,1,1,1,1,35
425485120,425484128,1200.0,0.63028544,0.04148644,1.3384315,0.0,255,190,6,4,0,0,1,1,1,1,35
426107259,426106374,1200.0,0.63028544,0.041592225,1.0645629,0.0,255,190,6,4,0,0,1,1,1,1,35
426639467,426638179,1200.0,0.63028544,0.041592225,1.0645629,0.0,255,190,6,4,0,0,1,1,1,1,35
428488323,428487507,1200.0,0.63028544,0.041859724,5.7457457,0.6916821,255,190,6,4,0,0,1,1,1,1,35
429494681,428487507,1200.0,0.63028544,0.041663192,5.741585,0.39381638,255,190,6,4,0,0,1,1,1,1,35
429650797,429646034,1200.0,0.63028544,0.041663192,5.741585,0.39381638,255,190,6,4,0,0,1,1,1,1,35
431492802,431492392,1200.0,0.63028544,0.020920396,5.747132,0.6246233,255,190,6,4,0,0,1,1,1,1,35
432493752,431492392,1200.0,0.63028544,0.020810725,2.6082776,0.30126002,255,190,6,4,0,0,1,1,1,1,35
432649883,432645417,1200.0,0.63028544,0.020810725,2.6082776,0.30126002,255,190,6,4,0,0,1,1,1,1,35
434495266,434493508,1200.0,0.63028544,0.04156416,1.414171,0.0,255,190,6,4,0,0,1,1,1,1,35
435496164,434493508,1200.0,0.63028544,0.21708302,1.8860333,0.0,255,190,6,4,0,0,1,1,1,1,35
436479827,436479285,1200.0,0.63028544,0.20052911,1.6131674,0.0,255,190,6,4,0,0,1,1,1,1,35
437504057,437495418,1200.0,0.63028544,0.041749585,1.3230642,0.0,255,190,6,4,0,0,1,1,1,1,35
438510762,437495418,1200.0,0.63028544,0.041402966,1.2549043,0.0,255,190,6,4,0,0,1,1,1,1,35
438555300,438554922,1200.0,0.63028544,0.041402966,1.2549043,0.0,255,190,6,4,0,0,1,1,1,1,35
440503173,440502808,1200.0,0.63028544,0.0416854,1.1850563,0.0,255,190,6,4,0,0,1,1,1,1,35
441503951,440502808,1200.0,0.63028544,0.041733447,1.3285147,0.0,255,190,6,4,0,0,1,1,1,1,35
441572016,441570155,1200.0,0.63028544,0.041733447,1.3285147,0.0,255,190,6,4,0,0,1,1,1,1,35
443507509,443499410,1200.0,0.63028544,0.4221387,2.3921192,0.0,255,190,6,4,0,0,1,1,1,1,35
444513507,443499410,1200.0,0.63028544,0.04180735,1.248248,0.0,255,190,6,4,0,0,1,1,1,1,35
444568841,444560966,1200.0,0.63028544,0.04180735,1.248248,0.0,255,190,6,4,0,0,1,1,1,1,35
446504139,446503136,1200.0,0.63028544,0.37459826,2.2218235,0.0,255,190,6,4,0,0,1,1,1,1,35
447512385,446503136,1200.0,0.63028544,0.16842504,1.6575006,0.0,255,190,6,4,0,0,1,1,1,1,35
447562485,447560432,1200.0,0.63028544,0.16842504,1.6575006,0.0,255,190,6,4,0,0,1,1,1,1,35
449505952,449502436,1200.0,0.63028544,0.041837376,1.4792501,0.0,255,190,6,4,0,0,1,1,1,1,35
450506940,449502436,1200.0,0.63028544,0.21740755,1.737266,0.0,255,190,6,4,0,0,1,1,1,1,35
451505830,451501430,1200.0,0.63028544,0.041735396,1.1745533,0.0,255,190,6,4,0,0,1,1,1,1,35
452509884,451501430,1200.0,0.63028544,0.041745767,1.2076454,0.0,255,190,6,4,0,0,1,1,1,1,35
452568810,452563976,1200.0,0.63028544,0.041745767,1.2076454,0.0,255,190,6,4,0,0,1,1,1,1,35
454498505,454498184,1200.0,0.63028544,0.11187842,1.4504591,0.0,255,190,6,4,0,0,1,1,1,1,35
455510777,455508446,1200.0,0.63028544,0.041582756,1.3950025,0.0,255,190,6,4,0,0,1,1,1,1,35
456513095,455508446,1200.0,0.63028544,0.041712347,1.2056855,0.0,255,190,6,4,0,0,1,1,1,1,35
456665348,456664438,1200.0,0.63028544,0.041712347,1.2056855,0.0,255,190,6,4,0,0,1,1,1,1,35
458458118,458448428,1200.0,0.63028544,0.04097402,1.3301567,0.0,255,190,6,4,0,0,1,1,1,1,35
459461350,458448428,1200.0,0.63028544,0.04170357,1.3196201,0.0,255,190,6,4,0,0,1,1,1,1,35
460496859,460496399,1200.0,0.63028544,0.26860484,1.6681253,0.0,255,190,6,4,0,0,1,1,1,1,35
461518023,461509990,1200.0,0.63028544,0.02074328,1.4747485,0.0,255,190,6,4,0,0,1,1,1,1,35
462525851,461509990,1200.0,0.63028544,0.04152302,1.1636332,0.0,255,190,6,4,0,0,1,1,1,1,35
462614955,462614196,1200.0,0.63028544,0.04152302,1.1636332,0.0,255,190,6,4,0,0,1,1,1,1,35
464515753,464515026,1200.0,0.63028544,0.041988116,1.0327077,0.0,255,190,6,4,0,0,1,1,1,1,35
465524489,464515026,1200.0,0.63028544,0.041974016,1.5820206,0.0,255,190,6,4,0,0,1,1,1,1,35
465588390,465587805,1200.0,0.63028544,0.041974016,1.5820206,0.0,255,190,6,4,0,0,1,1,1,1,35
466519763,466519159,1200.0,0.63028544,0.04166183,1.2895328,0.0,255,190,6,4,0,0,1,1,1,1,35
468450040,468441407,1200.0,0.63028544,0.020901013,1.4143019,0.0,255,190,6,4,0,0,1,1,1,1,35
469450341,468441407,1200.0,0.63028544,0.062685624,1.4407744,0.0,255,190,6,4,0,0,1,1,1,1,35
469514098,469509482,1200.0,0.63028544,0.062685624,1.4407744,0.0,255,190,6,4,0,0,1,1,1,1,35
471450916,471442404,1200.0,0.63028544,0.020759562,1.308841,0.0,255,190,6,4,0,0,1,1,1,1,35
472460403,471442404,1200.0,0.63028544,0.06290696,1.427888,0.0,255,190,6,4,0,0,1,1,1,1,35
472523958,472510419,1200.0,0.63028544,0.06290696,1.427888,0.0,255,190,6,4,0,0,1,1,1,1,35
474450756,474441401,1200.0,0.63028544,0.1152677,1.3484334,0.0,255,190,6,4,0,0,1,1,1,1,35
475460382,474441401,1200.0,0.63028544,0.04175913,1.3183954,0.0,255,190,6,4,0,0,1,1,1,1,35
476474635,476468467,1200.0,0.63028544,0.0416217,1.4389216,0.0,255,190,6,4,0,0,1,1,1,1,35
477475353,476468467,1200.0,0.63028544,0.21696334,1.6013486,0.0,255,190,6,4,0,0,1,1,1,1,35
478522954,478514418,1200.0,0.63028544,0.04179437,1.377224,0.0,255,190,6,4,0,0,1,1,1,1,35
479527316,478514418,1200.0,0.63028544,0.041623805,1.2219559,0.0,255,190,6,4,0,0,1,1,1,1,35
480443875,480441421,1200.0,0.63028544,0.45769742,2.4213994,0.0,255,190,6,4,0,0,1,1,1,1,35
481446987,480441421,1200.0,0.63028544,0.041648153,1.1849891,0.0,255,190,6,4,0,0,1,1,1,1,35
481605753,481596410,1200.0,0.63028544,0.041648153,1.1849891,0.0,255,190,6,4,0,0,1,1,1,1,35
483453432,483445324,1200.0,0.63028544,0.21652545,1.561367,0.0,255,190,6,4,0,0,1,1,1,1,35
484508762,484507157,1200.0,0.63028544,0.10529484,1.6628637,0.0,255,190,6,4,0,0,1,1,1,1,35
485517890,484507157,1200.0,0.63028544,0.04189618,1.2299521,0.0,255,190,6,4,0,0,1,1,1,1,35
485527982,485522423,1200.0,0.63028544,0.04189618,1.2299521,0.0,255,190,6,4,0,0,1,1,1,1,35
489463828,489451965,1200.0,0.63028544,0.041718606,1.0449518,0.0,255,190,6,4,0,0,1,1,1,1,35
490494951,490487410,1200.0,0.63028544,0.2160996,1.8883933,0.0,255,190,6,4,0,0,1,1,1,1,35
491503762,490487410,1200.0,0.63028544,0.04159948,1.309393,0.0,255,190,6,4,0,0,1,1,1,1,35
492459524,492451440,1200.0,0.63028544,0.041535217,1.1689197,0.0,255,190,6,4,0,0,1,1,1,1,35
493464195,492451440,1200.0,0.63028544,0.24307582,1.6357807,0.0,255,190,6,4,0,0,1,1,1,1,35
493608877,493600369,1200.0,0.63028544,0.24307582,1.6357807,0.0,255,190,6,4,0,0,1,1,1,1,35
495455335,495454206,1200.0,0.63028544,0.041800816,1.248053,0.0,255,190,6,4,0,0,1,1,1,1,35
