timestamp,windspeed_north,windspeed_east,variance_north,variance_east,tas_innov,tas_innov_var,tas_scale,beta_innov,beta_innov_var
71517317,,0.24017845,-0.31447953,0.17724046,0.17403877,0.0,0.0,1.0,0.3803902,0.1449395
72522824,,0.3041925,-0.3831437,0.1499432,0.14871112,0.0,0.0,1.0,-0.064247645,0.0917935
73522943,,0.20292401,-0.30960995,0.14820899,0.15297607,0.0,0.0,1.0,-0.1170956,0.09114299
74526764,,0.019214703,-0.33493015,0.14826234,0.16277534,0.0,0.0,1.0,-0.31270602,0.09117514
75530735,,-0.1266788,-0.30870226,0.15119104,0.17395191,0.0,0.0,1.0,-0.18561196,0.09118981
77544222,,-0.13593306,-0.3026626,0.15705173,0.18212013,0.0,0.0,1.0,-0.069620766,0.09092842
78552986,,-0.1514024,-0.29471052,0.16688974,0.18496102,0.0,0.0,1.0,0.098530516,0.09072424
79555999,,-0.068851635,-0.33394882,0.174182,0.19302544,0.0,0.0,1.0,0.28644177,0.09068999
80558885,,0.081025966,-0.2636612,0.17840488,0.20291322,0.0,0.0,1.0,0.19429639,0.090663075
81558978,,0.14173669,-0.18526581,0.18506037,0.20717789,0.0,0.0,1.0,0.115371324,0.0904771
82570974,,0.16798,-0.11335711,0.19449565,0.21346605,0.0,0.0,1.0,0.16073078,0.09029364
83582190,,0.14320289,-0.040848184,0.20639962,0.2224288,0.0,0.0,1.0,0.104772836,0.09039405
84582339,,0.07794182,0.064705364,0.21705787,0.23123436,0.0,0.0,1.0,0.28796142,0.090442486
85592153,,0.015327101,0.12662418,0.22801249,0.24216397,0.0,0.0,1.0,0.23621128,0.0902546
86599487,,-0.08703561,0.11446114,0.23712316,0.2539233,0.0,0.0,1.0,0.36678827,0.090670675
87605328,,-0.30140603,-0.06994135,0.23258628,0.2527486,0.0,0.0,1.0,0.183834,0.09158148
88608317,,-0.4845679,-0.2708252,0.22316626,0.23883095,0.0,0.0,1.0,0.13912442,0.09180158
89617794,,-0.5579464,-0.371389,0.21203226,0.21498363,0.0,0.0,1.0,0.035346318,0.0912626
90627363,,-0.5900713,-0.45418662,0.22099458,0.2062552,0.0,0.0,1.0,-0.024024285,0.09119943
91635943,,-0.6148657,-0.5513329,0.23190635,0.20158882,0.0,0.0,1.0,0.0735533,0.090836205
92645763,,-0.59778476,-0.6534051,0.243388,0.20595497,0.0,0.0,1.0,0.104443766,0.090639204
93648240,,-0.56868345,-0.6685212,0.24856524,0.21489161,0.0,0.0,1.0,0.026658077,0.09070542
94657760,,-0.5542621,-0.66746026,0.2527817,0.22575088,0.0,0.0,1.0,-0.01963543,0.09041425
95663484,,-0.4517461,-0.57845414,0.2478495,0.22392863,0.0,0.0,1.0,0.09768063,0.09126312
96674942,,-0.4735975,-0.5988685,0.24785164,0.22474894,0.0,0.0,1.0,-0.031567022,0.090550266
97683438,,-0.5188363,-0.6277337,0.25013193,0.23301171,0.0,0.0,1.0,-0.05682256,0.09039824
98684396,,-0.52733326,-0.63730806,0.25864047,0.24203308,0.0,0.0,1.0,0.06284935,0.090187244
99697196,,-0.5444794,-0.66193134,0.26582775,0.24670646,0.0,0.0,1.0,-0.003201038,0.09078731
100702995,-0.5689308,-0.6837884,0.26631486,0.2486019,0.0,0.0,1.0,0.03270578,0.090331756
101703878,-0.5850458,-0.69542336,0.27227998,0.25805956,0.0,0.0,1.0,0.09860165,0.0903363
102707109,-0.56854934,-0.6919489,0.27506793,0.26717207,0.0,0.0,1.0,-0.021055764,0.09039951
103707767,-0.5352707,-0.69533575,0.28371677,0.27934858,0.0,0.0,1.0,-0.05293955,0.09026308
104715711,-0.5363736,-0.7140014,0.2950918,0.28774306,0.0,0.0,1.0,-0.0076535386,0.09037205
105723275,-0.5302507,-0.7040611,0.2999677,0.2829524,0.0,0.0,1.0,0.046360318,0.09079137
106727219,-0.49277288,-0.6344472,0.2958516,0.2715533,0.0,0.0,1.0,0.15737742,0.09024356
107735808,-0.5156269,-0.5990991,0.30692482,0.2825615,0.0,0.0,1.0,0.08800515,0.09022883
108745097,-0.589892,-0.6322668,0.31211466,0.29329723,0.0,0.0,1.0,0.14244516,0.09043432
109756170,-0.8056698,-0.80968165,0.29201716,0.2818907,0.0,0.0,1.0,0.10155026,0.091695696
110762276,-1.0881686,-1.1056886,0.2684675,0.25557587,0.0,0.0,1.0,0.21992694,0.09244358
111764491,-1.2337991,-1.2877101,0.25744915,0.2331696,0.0,0.0,1.0,0.13856578,0.09178378
112765889,-1.2674309,-1.3498646,0.26482916,0.2302893,0.0,0.0,1.0,0.046457,0.09060027
113770342,-1.2603126,-1.354437,0.27119157,0.23913765,0.0,0.0,1.0,0.011631552,0.090632625
114779103,-1.312987,-1.384947,0.26216376,0.24423407,0.0,0.0,1.0,-0.030204779,0.0913523
115790009,-1.1997073,-1.2924253,0.24328792,0.23633982,0.0,0.0,1.0,0.10732649,0.091995515
116795885,-1.0706797,-1.1787101,0.23030671,0.22892207,0.0,0.0,1.0,0.16585855,0.091436274
117805452,-0.969842,-1.0730338,0.22381675,0.22061667,0.0,0.0,1.0,0.07140406,0.090753525
118811391,-0.9244522,-1.0063735,0.23263602,0.22680019,0.0,0.0,1.0,0.097762145,0.09016124
119822470,-0.93983346,-0.95423996,0.24199095,0.23520994,0.0,0.0,1.0,0.16224627,0.09032108
120834060,-0.9886021,-0.94841695,0.24872726,0.2450601,0.0,0.0,1.0,0.06901773,0.09040376
123860443,-1.0875838,-0.99688023,0.2509513,0.2531823,0.0,0.0,1.0,0.17514391,0.09060701
124868333,-1.1844559,-1.0765312,0.2460039,0.2529424,0.0,0.0,1.0,0.107851245,0.09148779
125883404,-1.2943183,-1.1886219,0.23806208,0.24402355,0.0,0.0,1.0,0.09754888,0.09167962
126889990,-1.4597571,-1.3823068,0.22668459,0.22379555,0.0,0.0,1.0,0.060791932,0.091733456
127899019,-1.4930332,-1.4257754,0.21556427,0.20457539,0.0,0.0,1.0,0.021535961,0.091055915
128909118,-1.5045824,-1.4475417,0.22595821,0.21023926,0.0,0.0,1.0,-0.0076189446,0.09024103
129912225,-1.4555666,-1.418103,0.22925596,0.21756127,0.0,0.0,1.0,0.12753397,0.09072217
130915984,-1.2744724,-1.2698362,0.22078608,0.2153001,0.0,0.0,1.0,0.056558296,0.091086976
131921819,-1.2243316,-1.2326628,0.21829621,0.2183996,0.0,0.0,1.0,0.054349717,0.090663426
132929173,-1.1598525,-1.1925389,0.22388867,0.22780468,0.0,0.0,1.0,0.059721507,0.09027068
133932991,-1.1175827,-1.1883326,0.23133482,0.23764516,0.0,0.0,1.0,0.12521546,0.09015938
134937495,-1.1740686,-1.3024502,0.24231526,0.24657765,0.0,0.0,1.0,0.26035872,0.09032078
135721391,-1.3076243,-1.4288591,0.23868266,0.24466765,0.0,0.0,1.0,0.13186905,0.090850115
136722397,-1.424183,-1.5131443,0.24076061,0.251485,0.0,0.0,1.0,0.1111161,0.09050428
137722876,-1.4726257,-1.5405966,0.24616587,0.26010785,0.0,0.0,1.0,0.013992313,0.09026206
138724199,-1.4898124,-1.540329,0.25621408,0.27188244,0.0,0.0,1.0,0.016285157,0.09020132
139731172,-1.4853281,-1.5212287,0.26771215,0.280081,0.0,0.0,1.0,0.038351636,0.09043722
140741391,-1.3930086,-1.3995911,0.26891896,0.27394024,0.0,0.0,1.0,0.06580543,0.09115251
141750062,-1.2493759,-1.2459189,0.26392767,0.26654914,0.0,0.0,1.0,0.06639556,0.09131669
142763439,-1.1830363,-1.1829183,0.25690475,0.2619782,0.0,0.0,1.0,0.029845621,0.0913187
143765381,-1.0566396,-1.0785779,0.2459192,0.25838616,0.0,0.0,1.0,0.09587673,0.09138291
144772361,-0.9874228,-1.0448414,0.24652398,0.2651792,0.0,0.0,1.0,0.126311,0.09058995
145786881,-0.97018933,-1.0604186,0.24288552,0.2639331,0.0,0.0,1.0,0.097774,0.090344764
146789064,-1.0071671,-1.140965,0.25356045,0.26918662,0.0,0.0,1.0,0.16001593,0.09055763
147798065,-1.123768,-1.297422,0.25546986,0.26515555,0.0,0.0,1.0,0.14697766,0.091020495
148808082,-1.3209828,-1.5072258,0.2524489,0.26012117,0.0,0.0,1.0,0.16727936,0.09107261
149817026,-1.3049145,-1.4915017,0.24131253,0.24955359,0.0,0.0,1.0,-0.0035201695,0.09123039
150817445,-1.3349636,-1.5296658,0.24670354,0.25304577,0.0,0.0,1.0,0.1188665,0.09033255
151820894,-1.3417432,-1.5782695,0.25512064,0.26042122,0.0,0.0,1.0,0.07275271,0.09033163
152826303,-1.285562,-1.5524226,0.2583981,0.26979956,0.0,0.0,1.0,-0.035764683,0.09059966
153829207,-1.2195293,-1.4941156,0.2525251,0.266323,0.0,0.0,1.0,0.05300488,0.091281354
154830030,-1.139682,-1.4018979,0.25017783,0.25989866,0.0,0.0,1.0,0.089498736,0.091012046
155838921,-1.1180348,-1.3713372,0.25599763,0.25990498,0.0,0.0,1.0,0.040538896,0.09029135
156843896,-1.1167468,-1.3518403,0.26583776,0.26843628,0.0,0.0,1.0,0.10311119,0.090135954
157853336,-1.1198347,-1.3486075,0.27546337,0.28023872,0.0,0.0,1.0,-0.009581515,0.09027372
158861287,-1.0875449,-1.3265382,0.27960515,0.28778392,0.0,0.0,1.0,-0.084891394,0.09039828
159868499,-1.1481742,-1.3813457,0.2736507,0.28591782,0.0,0.0,1.0,0.08959643,0.091374375
160873477,-1.1523535,-1.3850899,0.2694193,0.28256595,0.0,0.0,1.0,0.0026485722,0.09108014
161885304,-1.1942496,-1.4347233,0.2629449,0.27001652,0.0,0.0,1.0,0.05975196,0.091056116
162885912,-1.2185534,-1.4851958,0.26914683,0.270314,0.0,0.0,1.0,0.14748241,0.090428434
163887709,-1.1647943,-1.4986383,0.27619314,0.27914,0.0,0.0,1.0,0.12231447,0.09057424
164893980,-1.0032843,-1.3715631,0.265203,0.27681836,0.0,0.0,1.0,0.13420068,0.09174753
165902847,-0.965331,-1.3365848,0.24751383,0.2600573,0.0,0.0,1.0,-0.007742787,0.09177146
166910839,-0.82737243,-1.1810132,0.23265372,0.23807184,0.0,0.0,1.0,0.059033275,0.091443844
167920270,-0.7925082,-1.1358778,0.23575504,0.23713969,0.0,0.0,1.0,0.09119476,0.09057365
168926401,-0.7584486,-1.0792512,0.24297474,0.23911239,0.0,0.0,1.0,-0.023501653,0.090369985
169934460,-0.7599679,-1.0958912,0.25261247,0.24712221,0.0,0.0,1.0,-0.037811343,0.09016471
170940281,-0.73136073,-1.0821325,0.24887744,0.24583565,0.0,0.0,1.0,-0.009485819,0.090440795
171951212,-0.7604589,-1.109139,0.24900904,0.24882627,0.0,0.0,1.0,0.1263284,0.09141139
172963145,-0.8496912,-1.1967664,0.23547947,0.2359399,0.0,0.0,1.0,0.072337635,0.09120918
173966236,-0.90364045,-1.2606398,0.23090142,0.22700334,0.0,0.0,1.0,0.08444211,0.0906465
174977008,-0.9147881,-1.2897706,0.2417402,0.2358192,0.0,0.0,1.0,0.15782727,0.09021538
175987391,-0.8630593,-1.2848682,0.24821448,0.24516834,0.0,0.0,1.0,0.057512637,0.09053086
176990329,-0.7892496,-1.239764,0.24577391,0.25176895,0.0,0.0,1.0,0.041488864,0.09079821
178000811,-0.7426436,-1.2086949,0.24311362,0.25719178,0.0,0.0,1.0,0.064628184,0.090776436
179011854,-0.6841921,-1.1660594,0.23786685,0.25898203,0.0,0.0,1.0,0.04916957,0.09122092
180021860,-0.6340107,-1.1265115,0.21316431,0.24388652,0.0,0.0,1.0,-0.054697055,0.092509836
181025927,-0.75002295,-1.2385464,0.1867891,0.21997531,0.0,0.0,1.0,-0.07338428,0.0933647
182034828,-0.89335644,-1.400639,0.16047698,0.18402323,0.0,0.0,1.0,-0.11562027,0.09257271
183039406,-0.9627252,-1.493235,0.16294898,0.17885539,0.0,0.0,1.0,-0.070182614,0.09085587
184039803,-0.9829051,-1.5282083,0.17157167,0.18090026,0.0,0.0,1.0,-0.090797015,0.090689525
185048147,-0.9653569,-1.4945892,0.18033394,0.1862103,0.0,0.0,1.0,0.038429465,0.09026674
186051212,-0.96998197,-1.4762514,0.19014145,0.19538075,0.0,0.0,1.0,0.07438286,0.090129554
187063164,-0.9844666,-1.482503,0.19843869,0.20573513,0.0,0.0,1.0,0.030019796,0.090652674
188071235,-1.0368412,-1.5252347,0.19905055,0.20991507,0.0,0.0,1.0,0.053580306,0.09115022
189072091,-1.1159297,-1.5979019,0.19225122,0.20594965,0.0,0.0,1.0,0.06396272,0.091470994
190075912,-1.2165313,-1.6965276,0.1660564,0.18082282,0.0,0.0,1.0,0.086301446,0.09208211
191087276,-1.2935963,-1.7742189,0.15375328,0.16846292,0.0,0.0,1.0,0.12157593,0.093125746
192094278,-1.364401,-1.8498168,0.14359541,0.15421294,0.0,0.0,1.0,0.0696531,0.09254746
193102755,-1.4057493,-1.9026024,0.14302965,0.14674471,0.0,0.0,1.0,0.0829871,0.091611296
194108991,-1.4267257,-1.9340533,0.14608742,0.1411242,0.0,0.0,1.0,-0.017726116,0.091306895
195117993,-1.4312934,-1.9410685,0.15185392,0.13873129,0.0,0.0,1.0,0.035917044,0.0917359
196124232,-1.4727579,-2.0021136,0.15485525,0.13087407,0.0,0.0,1.0,0.00020540692,0.091695994
197127755,-1.4759467,-2.0072415,0.15403076,0.119574174,0.0,0.0,1.0,-0.03427321,0.09194864
198142346,-1.4899317,-2.0268807,0.15744059,0.11724861,0.0,0.0,1.0,0.070046306,0.091657
199148265,-1.5340941,-2.0997014,0.16582134,0.118625686,0.0,0.0,1.0,0.0014359133,0.09091823
200156302,-1.5375478,-2.1169486,0.17522584,0.12349101,0.0,0.0,1.0,0.08730184,0.09065569
201166322,-1.5228859,-2.1345506,0.18562625,0.13461493,0.0,0.0,1.0,0.059784718,0.09057991
202172893,-1.3882086,-2.0745459,0.18511714,0.1421825,0.0,0.0,1.0,0.052321177,0.09091856
203174742,-1.4221159,-2.10133,0.17434028,0.14250945,0.0,0.0,1.0,-0.1308282,0.09201127
204177418,-1.487305,-2.1529222,0.16601862,0.14147098,0.0,0.0,1.0,-0.02499387,0.091862485
204782311,-1.4831102,-2.1489356,0.16109125,0.14084426,0.0,0.0,1.0,0.011768405,0.09173603
205790962,-1.502365,-2.167009,0.15894145,0.14005062,0.0,0.0,1.0,-0.008206921,0.09123474
206797365,-1.5097011,-2.1745205,0.16060431,0.14041112,0.0,0.0,1.0,0.047464248,0.091012165
207798708,-1.437417,-2.094379,0.16316445,0.1412433,0.0,0.0,1.0,0.059248038,0.09086362
208805367,-1.3265864,-1.9798723,0.15742593,0.13508427,0.0,0.0,1.0,0.1590746,0.09058226
209812201,-1.2845634,-1.9418699,0.15631454,0.1368731,0.0,0.0,1.0,0.026167085,0.091648616
210815897,-1.1881661,-1.8671361,0.15474635,0.13958006,0.0,0.0,1.0,0.0742098,0.09086863
211817160,-1.2127451,-1.8779359,0.16004781,0.14960441,0.0,0.0,1.0,-0.103934914,0.090540096
212830366,-1.2209611,-1.8692232,0.17145014,0.16053875,0.0,0.0,1.0,-0.082812466,0.09050754
213838448,-1.2091206,-1.8425635,0.18044421,0.16423637,0.0,0.0,1.0,-0.012145474,0.09132444
214848783,-1.2563117,-1.8969359,0.17120533,0.1480375,0.0,0.0,1.0,0.052194364,0.09265555
215852141,-1.5391195,-2.1575317,0.14781623,0.1290696,0.0,0.0,1.0,0.26782867,0.09338532
216864094,-1.7936412,-2.375522,0.13661352,0.1240696,0.0,0.0,1.0,0.20363474,0.09238069
217869894,-2.0435574,-2.5895662,0.12829715,0.121133246,0.0,0.0,1.0,0.20632629,0.09254178
218876015,-2.1841059,-2.710658,0.121668555,0.11875303,0.0,0.0,1.0,0.047834605,0.09179173
219883103,-2.2067432,-2.7298436,0.12277412,0.12335537,0.0,0.0,1.0,0.022219792,0.091319144
220884653,-2.257357,-2.7691872,0.12129551,0.12631617,0.0,0.0,1.0,-0.02241592,0.091215536
221889778,-2.3569944,-2.8502018,0.120814465,0.13010079,0.0,0.0,1.0,0.07958308,0.09122458
222897870,-2.4031384,-2.8880236,0.12399026,0.13548839,0.0,0.0,1.0,0.11008129,0.09061525
223899663,-2.4660473,-2.9347658,0.1305414,0.14355458,0.0,0.0,1.0,0.14469633,0.09031386
224907327,-2.5389245,-2.9744046,0.13777179,0.1527211,0.0,0.0,1.0,0.19497085,0.090255156
225912384,-2.5986805,-2.986417,0.14891787,0.16468337,0.0,0.0,1.0,0.30907974,0.09015174
226919233,-2.6059494,-2.9521303,0.14888601,0.16434066,0.0,0.0,1.0,0.2520244,0.09012105
227928467,-2.5732613,-2.869419,0.16072911,0.17487386,0.0,0.0,1.0,0.23771805,0.09015102
228937022,-2.5283308,-2.7999508,0.1695551,0.18230963,0.0,0.0,1.0,0.1396501,0.090419985
229940079,-2.428158,-2.6741316,0.17696558,0.1870445,0.0,0.0,1.0,0.19254942,0.09078091
230948078,-2.281378,-2.503323,0.17793301,0.18506451,0.0,0.0,1.0,0.13678181,0.09122328
231960206,-2.2217696,-2.4393358,0.16808607,0.17266944,0.0,0.0,1.0,-0.075209476,0.09220079
232969820,-2.1880708,-2.4053676,0.16194038,0.1658491,0.0,0.0,1.0,0.01789219,0.091865264
233980895,-2.1414976,-2.3613405,0.15402143,0.15869415,0.0,0.0,1.0,0.0893388,0.091574445
234982221,-2.076225,-2.3060353,0.14536868,0.15376511,0.0,0.0,1.0,0.08057886,0.091005415
235995276,-2.050214,-2.2884257,0.15152153,0.1629801,0.0,0.0,1.0,0.028447967,0.09030408
236998081,-2.047884,-2.2895665,0.16308911,0.17455526,0.0,0.0,1.0,0.028159404,0.09028979
238007225,-2.0521526,-2.3062563,0.17437012,0.182184,0.0,0.0,1.0,-0.018968366,0.09062066
239018145,-2.0556114,-2.3128593,0.18498458,0.18873274,0.0,0.0,1.0,-0.009784305,0.09044991
240019210,-2.070329,-2.314387,0.19361892,0.19911191,0.0,0.0,1.0,0.004944598,0.090844065
241021186,-2.1022525,-2.3420157,0.188124,0.19748743,0.0,0.0,1.0,-0.035249427,0.09120958
241516021,-2.0863426,-2.326089,0.18598057,0.19576392,0.0,0.0,1.0,0.018731438,0.0908303
241555074,-1.9810559,-2.209811,0.19110525,0.19961555,0.0,0.0,1.0,0.12974624,0.09038776
242558185,-1.9073795,-2.1167638,0.1879047,0.19450128,0.0,0.0,1.0,0.13867693,0.090341166
243429213,-1.8347384,-2.0160587,0.19722757,0.20130335,0.0,0.0,1.0,0.16292514,0.090264186
243454048,-1.8536421,-2.0104148,0.20642802,0.21054687,0.0,0.0,1.0,0.24951784,0.0902271
244461195,-1.9217625,-2.0658104,0.21297595,0.2189224,0.0,0.0,1.0,0.12809375,0.09068621
245468400,-2.1239016,-2.2420647,0.20751834,0.21684794,0.0,0.0,1.0,0.13965943,0.09125228
246471953,-2.5052397,-2.604174,0.17717685,0.19057383,0.0,0.0,1.0,0.111792065,0.09269562
247472046,-2.5030582,-2.6019034,0.15898263,0.17259128,0.0,0.0,1.0,-0.005778206,0.093550265
248482115,-2.4143035,-2.5033731,0.14154549,0.15034667,0.0,0.0,1.0,-0.0557956,0.09186556
249486407,-2.376849,-2.4430375,0.14997147,0.15494978,0.0,0.0,1.0,-0.077568434,0.090580165
250494767,-2.3869793,-2.4570267,0.15868579,0.16040781,0.0,0.0,1.0,0.04656979,0.09048931
251498197,-2.3265927,-2.3893423,0.16404587,0.16414969,0.0,0.0,1.0,-0.027986381,0.09097343
252500336,-2.2943082,-2.356567,0.16130714,0.16119616,0.0,0.0,1.0,-0.030395405,0.09188152
253507258,-2.3012834,-2.3637476,0.15022828,0.15016937,0.0,0.0,1.0,-0.015211453,0.0919643
254511930,-2.3932347,-2.4558547,0.13547695,0.13530374,0.0,0.0,1.0,0.04774537,0.09265044
255524379,-2.4355428,-2.4990969,0.1258005,0.12477914,0.0,0.0,1.0,0.026383594,0.09230139
256531438,-2.4796808,-2.54483,0.12384703,0.12169167,0.0,0.0,1.0,0.00039834762,0.09183714
257539086,-2.5718606,-2.6402228,0.12398801,0.120967574,0.0,0.0,1.0,0.08589325,0.09225433
258543971,-2.687465,-2.7586036,0.11680414,0.11289188,0.0,0.0,1.0,0.1185855,0.09235355
259546234,-2.723699,-2.795066,0.11612045,0.111766756,0.0,0.0,1.0,-0.012492296,0.09130762
260557411,-2.7349877,-2.8076913,0.121929705,0.11609294,0.0,0.0,1.0,0.004379677,0.09083957
261566739,-2.718239,-2.7878118,0.117625415,0.10998178,0.0,0.0,1.0,-0.032337427,0.09053898
262568096,-2.7036574,-2.7669792,0.12841181,0.119349964,0.0,0.0,1.0,-0.02831152,0.09033635
263575726,-2.7019634,-2.7548797,0.14023551,0.13027847,0.0,0.0,1.0,-0.04176739,0.090173416
264585814,-2.7111828,-2.7592707,0.14774188,0.13973577,0.0,0.0,1.0,0.006310064,0.09037362
265589166,-2.7287405,-2.7700684,0.15619656,0.15048203,0.0,0.0,1.0,-0.027758978,0.09038065
266590793,-2.7291195,-2.7703552,0.16331804,0.1600703,0.0,0.0,1.0,-0.017470565,0.09058368
267601999,-2.7628856,-2.7975116,0.16649915,0.1662317,0.0,0.0,1.0,-0.016709719,0.09104216
268604255,-2.7513144,-2.7869956,0.16043994,0.16308467,0.0,0.0,1.0,0.029797824,0.09169902
269614714,-2.7386394,-2.774305,0.15655503,0.16054016,0.0,0.0,1.0,0.10047998,0.09141301
270619032,-2.7070653,-2.7428133,0.15875055,0.16255373,0.0,0.0,1.0,0.0075724963,0.09114812
271623266,-2.651455,-2.6836088,0.16067454,0.16308859,0.0,0.0,1.0,0.08617683,0.09098979
272634297,-2.609542,-2.637176,0.16353121,0.16423053,0.0,0.0,1.0,0.08040184,0.09074952
273644262,-2.5367236,-2.5513089,0.16994563,0.16843054,0.0,0.0,1.0,0.12083829,0.090461984
274653001,-2.4907832,-2.491411,0.17800541,0.17515396,0.0,0.0,1.0,0.12574366,0.0902161
275653131,-2.4697838,-2.4536605,0.18967068,0.18596952,0.0,0.0,1.0,0.23894857,0.09011386
276660030,-2.4585059,-2.4159846,0.19961832,0.19546787,0.0,0.0,1.0,0.2102556,0.09008418
277672739,-2.457028,-2.3765883,0.19961756,0.19511734,0.0,0.0,1.0,0.22886989,0.090089716
278676819,-2.4677088,-2.3581636,0.21165767,0.20706818,0.0,0.0,1.0,0.23271339,0.09009093
279680657,-2.497883,-2.3694062,0.22121751,0.2169525,0.0,0.0,1.0,0.283839,0.0901686
280683991,-2.6378777,-2.4811106,0.22511001,0.2230674,0.0,0.0,1.0,0.26923227,0.09054159
281685701,-2.7847805,-2.6140614,0.22217917,0.22218296,0.0,0.0,1.0,0.092783906,0.09094879
282694053,-2.8354614,-2.6633997,0.2162001,0.2170449,0.0,0.0,1.0,0.052209426,0.09118862
283694088,-2.8646173,-2.6925375,0.21320973,0.21398452,0.0,0.0,1.0,0.0042462805,0.09079036
284698937,-2.8664384,-2.6941438,0.21574686,0.21589881,0.0,0.0,1.0,-0.04681752,0.09064345
285707950,-2.8581655,-2.685235,0.21541259,0.2144697,0.0,0.0,1.0,-0.054312732,0.09066315
286713969,-2.808646,-2.6318734,0.22113018,0.2191895,0.0,0.0,1.0,-0.09830655,0.09053234
287725075,-2.7650976,-2.5820892,0.22661889,0.22337554,0.0,0.0,1.0,-0.087784,0.09030413
288731878,-2.7450786,-2.5533397,0.23515993,0.23063208,0.0,0.0,1.0,-0.08081092,0.09014126
289733710,-2.7508278,-2.5483315,0.24657883,0.24226,0.0,0.0,1.0,-0.056779753,0.09015927
290738247,-2.7586358,-2.5544035,0.24985465,0.24886505,0.0,0.0,1.0,-0.025202863,0.09070439
291746394,-2.7394838,-2.5371642,0.24679676,0.24933958,0.0,0.0,1.0,0.07054772,0.09141327
292753149,-2.6890724,-2.4913273,0.2320082,0.23858228,0.0,0.0,1.0,-0.0007858424,0.09190671
293756763,-2.5560138,-2.3593268,0.21450146,0.22225437,0.0,0.0,1.0,0.21097513,0.09175548
294759885,-2.301982,-2.099788,0.2031361,0.2099691,0.0,0.0,1.0,0.23527072,0.09171172
295762228,-2.0859954,-1.8718846,0.19303812,0.19759546,0.0,0.0,1.0,0.19250649,0.09146096
296773164,-1.9592863,-1.7314302,0.18981163,0.1912424,0.0,0.0,1.0,0.09793525,0.0911935
297774132,-1.8803464,-1.6364648,0.19582775,0.19468533,0.0,0.0,1.0,0.087046325,0.09036724
298782979,-1.8453356,-1.5785804,0.19479352,0.19214399,0.0,0.0,1.0,0.21029264,0.09021421
299794348,-1.809941,-1.4967418,0.20655812,0.20256542,0.0,0.0,1.0,0.19597173,0.09017823
300795288,-1.8007638,-1.4503088,0.21861744,0.21403866,0.0,0.0,1.0,0.27562097,0.09014973
301804709,-1.8745253,-1.4870293,0.22626157,0.2229995,0.0,0.0,1.0,0.2287232,0.09049053
302804722,-2.2557228,-1.8085082,0.2122374,0.21614127,0.0,0.0,1.0,0.25019416,0.09198298
303808461,-2.364524,-1.9067404,0.19154292,0.20031296,0.0,0.0,1.0,0.017824883,0.09254861
304812815,-2.4729884,-2.0099115,0.15919349,0.17221937,0.0,0.0,1.0,0.032391757,0.09324843
305813705,-2.4356484,-1.9725912,0.14268766,0.15603797,0.0,0.0,1.0,-0.015369585,0.09315279
306816484,-2.3917174,-1.9262357,0.122133754,0.13176247,0.0,0.0,1.0,0.0084269615,0.093643054
307817186,-2.383679,-1.9172229,0.114902474,0.12052657,0.0,0.0,1.0,0.047698658,0.092347495
308826054,-2.3894563,-1.9236958,0.115565136,0.11821907,0.0,0.0,1.0,0.03035759,0.09180758
309835805,-2.4215422,-1.9600285,0.117238596,0.11686943,0.0,0.0,1.0,-0.024157977,0.091774866
310850921,-2.435847,-1.9754719,0.11514864,0.112029165,0.0,0.0,1.0,0.06298795,0.09227972
311860092,-2.4785538,-2.021519,0.109396696,0.10364802,0.0,0.0,1.0,0.0080871945,0.09205704
312862155,-2.4436977,-1.9817121,0.11236328,0.10403379,0.0,0.0,1.0,-0.019008365,0.09132735
313870819,-2.4203043,-1.9512106,0.120730855,0.11006429,0.0,0.0,1.0,-0.05090581,0.090651214
314873191,-2.4159286,-1.9420276,0.13220263,0.11969517,0.0,0.0,1.0,0.015863063,0.0903232
315877864,-2.4067774,-1.9490507,0.1318819,0.11938661,0.0,0.0,1.0,0.105012625,0.09028518
316880864,-2.3464,-1.9192824,0.14059658,0.13062985,0.0,0.0,1.0,0.11186546,0.09041447
317886278,-2.3133218,-1.9017262,0.14788182,0.13988115,0.0,0.0,1.0,0.06510823,0.09032078
318896221,-2.254635,-1.8585879,0.15430777,0.14903635,0.0,0.0,1.0,0.12678196,0.09070972
319906057,-2.1323164,-1.7531766,0.15212692,0.15049219,0.0,0.0,1.0,0.10874802,0.091327555
320913987,-1.979175,-1.6095134,0.14401284,0.14471692,0.0,0.0,1.0,0.18042274,0.09177643
321924232,-1.8398927,-1.4726201,0.13809545,0.13946562,0.0,0.0,1.0,0.1922228,0.09164408
322929849,-1.6511577,-1.2823159,0.13531311,0.13640262,0.0,0.0,1.0,0.12728053,0.09141932
323943341,-1.6035984,-1.232009,0.13722399,0.13733399,0.0,0.0,1.0,0.07105805,0.09083827
324949910,-1.5422387,-1.1614546,0.1420486,0.1404284,0.0,0.0,1.0,0.051768072,0.09047814
325952940,-1.4712858,-1.0701447,0.15190367,0.14883098,0.0,0.0,1.0,0.18556958,0.090305015
326960919,-1.4252932,-0.99233866,0.16336343,0.15933041,0.0,0.0,1.0,0.24169786,0.090121165
327971193,-1.4345833,-0.98043805,0.17538962,0.17134067,0.0,0.0,1.0,0.29121763,0.09012909
328974395,-1.48304,-1.0010457,0.18651907,0.18323947,0.0,0.0,1.0,0.19336215,0.090186365
329980258,-1.5833535,-1.0715256,0.19423987,0.19315226,0.0,0.0,1.0,0.16712348,0.09043363
330986779,-1.683299,-1.1560477,0.19521837,0.19720443,0.0,0.0,1.0,0.113614105,0.09116098
331987958,-1.7655365,-1.2321128,0.1860568,0.19080754,0.0,0.0,1.0,0.07081026,0.091808185
332998139,-1.8549254,-1.3173202,0.16213053,0.16902304,0.0,0.0,1.0,0.05818627,0.092380285
334003833,-1.9081085,-1.3703278,0.14802845,0.15500548,0.0,0.0,1.0,0.03384746,0.09246529
335007286,-1.9399122,-1.4036702,0.13916057,0.14418347,0.0,0.0,1.0,0.02992637,0.092123576
336018389,-1.9463142,-1.4103059,0.13429785,0.13665785,0.0,0.0,1.0,-0.04434573,0.091424204
337019948,-1.9198047,-1.3794998,0.13830237,0.13758303,0.0,0.0,1.0,-0.010839783,0.09069424
338029007,-1.9492946,-1.4192599,0.14495708,0.14128943,0.0,0.0,1.0,0.002327908,0.0904516
339040200,-1.9783621,-1.4639525,0.15512931,0.14883071,0.0,0.0,1.0,0.028583286,0.09051096
340050070,-1.9930753,-1.4886192,0.16610223,0.15778936,0.0,0.0,1.0,0.03292766,0.090307735
341053898,-1.984279,-1.4922769,0.17568149,0.16755842,0.0,0.0,1.0,0.041883778,0.09029207
342058465,-1.9723643,-1.4858674,0.18539926,0.17887536,0.0,0.0,1.0,0.011245138,0.090431646
343061132,-1.9420649,-1.4620773,0.189249,0.18600044,0.0,0.0,1.0,0.039251495,0.0909097
344062046,-1.8454417,-1.3756257,0.17885427,0.18000175,0.0,0.0,1.0,0.108655564,0.09176749
345071931,-1.7349144,-1.2704318,0.16939744,0.17241704,0.0,0.0,1.0,0.097549945,0.09212602
346074486,-1.6188049,-1.154637,0.1594204,0.16266002,0.0,0.0,1.0,0.09922381,0.091761455
347076904,-1.5180842,-1.051118,0.15447448,0.15684873,0.0,0.0,1.0,0.028808812,0.09141531
348080744,-1.4489826,-0.97716886,0.15241711,0.15321714,0.0,0.0,1.0,0.05619233,0.09097008
349084898,-1.4012862,-0.9230387,0.15708122,0.15596469,0.0,0.0,1.0,0.12980193,0.09066355
350086173,-1.3735536,-0.88940305,0.16408925,0.16164288,0.0,0.0,1.0,0.121532574,0.090324864
351096227,-1.332677,-0.8276231,0.17531253,0.17183128,0.0,0.0,1.0,0.123759575,0.09011972
352099843,-1.3424569,-0.8208029,0.17518336,0.1717015,0.0,0.0,1.0,0.14915872,0.09009973
353109918,-1.3996748,-0.8609222,0.18510966,0.18266194,0.0,0.0,1.0,0.16624631,0.09031833
354118003,-1.5253652,-0.96615183,0.18717968,0.1870282,0.0,0.0,1.0,0.12621391,0.09070972
355129476,-1.6319518,-1.063586,0.1824208,0.18507735,0.0,0.0,1.0,0.13223802,0.09143202
356132324,-1.6621344,-1.0924294,0.17315038,0.17737909,0.0,0.0,1.0,0.05141042,0.0917423
357133848,-1.6570859,-1.0881289,0.15807688,0.16201429,0.0,0.0,1.0,0.078448765,0.09199394
358138319,-1.7438157,-1.1787164,0.15256433,0.15493995,0.0,0.0,1.0,0.104385346,0.09225464
359142314,-1.8133267,-1.2529316,0.14186612,0.14144164,0.0,0.0,1.0,0.0855783,0.09201165
360147718,-1.8918961,-1.340287,0.14189966,0.1387421,0.0,0.0,1.0,0.12970747,0.09175827
361156315,-1.9502643,-1.4080356,0.14371464,0.1376727,0.0,0.0,1.0,0.050170023,0.0908451
362166339,-1.973292,-1.4373363,0.15262218,0.1445819,0.0,0.0,1.0,0.029861437,0.09043204
363169992,-1.9853566,-1.455163,0.16300125,0.15298718,0.0,0.0,1.0,-0.020736674,0.09037816
364178461,-1.9952462,-1.4697385,0.17162906,0.15989289,0.0,0.0,1.0,0.0036878583,0.09025627
365189682,-1.9989485,-1.4870737,0.18363531,0.17130166,0.0,0.0,1.0,0.094915,0.09018018
366199132,-1.9912432,-1.4890382,0.1932547,0.18115018,0.0,0.0,1.0,0.07501705,0.0902304
367205993,-1.9489748,-1.4623134,0.19978505,0.1896116,0.0,0.0,1.0,0.06828629,0.09052299
369216257,-1.8753021,-1.4017695,0.19905248,0.19296108,0.0,0.0,1.0,0.069916345,0.09123258
370223098,-1.8375278,-1.3684762,0.18423317,0.18285334,0.0,0.0,1.0,0.016703777,0.09212525
371228322,-1.7456509,-1.2811394,0.17218432,0.1730079,0.0,0.0,1.0,0.029870482,0.09208952
372230762,-1.5917163,-1.1282114,0.15971465,0.1609359,0.0,0.0,1.0,0.10581564,0.09221098
373231233,-1.4996005,-1.034939,0.15032996,0.15105979,0.0,0.0,1.0,0.10270438,0.091892816
374234123,-1.4289936,-0.96098965,0.14805056,0.14762783,0.0,0.0,1.0,0.12368868,0.09102894
375237418,-1.3905985,-0.9185631,0.14347987,0.14195292,0.0,0.0,1.0,0.04516,0.09037619
376238829,-1.3552341,-0.8716672,0.15424933,0.15186368,0.0,0.0,1.0,0.16289136,0.09013727
377243164,-1.3492455,-0.8478237,0.16409129,0.16141956,0.0,0.0,1.0,0.29670995,0.09008013
378250040,-1.345084,-0.83092225,0.17620078,0.17335445,0.0,0.0,1.0,0.15509696,0.09008545
379252414,-1.355729,-0.82613355,0.18818301,0.18535128,0.0,0.0,1.0,0.23324154,0.09007839
380253875,-1.3904221,-0.849253,0.1969437,0.19479302,0.0,0.0,1.0,0.12871991,0.09017406
381258311,-1.4532137,-0.89942485,0.20322007,0.20238285,0.0,0.0,1.0,0.17149056,0.09048873
382268775,-1.541609,-0.9758876,0.20630297,0.20759998,0.0,0.0,1.0,0.05901954,0.09085972
383270348,-1.6677692,-1.0914893,0.20077214,0.20471744,0.0,0.0,1.0,0.04550047,0.09126799
384277763,-1.8071716,-1.2257963,0.18799198,0.19359128,0.0,0.0,1.0,0.119022034,0.09254042
385281874,-1.9581155,-1.3750814,0.16183454,0.168283,0.0,0.0,1.0,0.08212325,0.09329738
386288077,-2.0529294,-1.4711711,0.1397954,0.14534676,0.0,0.0,1.0,0.06289135,0.09328751
387292101,-2.14442,-1.5663997,0.12682334,0.13029447,0.0,0.0,1.0,0.04779468,0.09308881
388301863,-2.192691,-1.6191082,0.12212874,0.12294772,0.0,0.0,1.0,0.15829346,0.09244064
389310752,-2.290654,-1.728422,0.12009708,0.11728579,0.0,0.0,1.0,0.07291825,0.09150162
390314759,-2.3197453,-1.7654054,0.12643568,0.12166085,0.0,0.0,1.0,0.13936386,0.090720944
391324853,-2.330265,-1.7889227,0.13783932,0.1320976,0.0,0.0,1.0,0.08108247,0.09018526
392328822,-2.2861216,-1.7606777,0.13512868,0.13092373,0.0,0.0,1.0,0.053954665,0.09040024
393333690,-2.2304022,-1.7205169,0.1439464,0.1412899,0.0,0.0,1.0,0.05666004,0.09033547
394336920,-2.191878,-1.6898589,0.14906134,0.14818363,0.0,0.0,1.0,0.061701838,0.09055228
395340934,-2.166365,-1.6677803,0.15225123,0.15335473,0.0,0.0,1.0,0.0063571488,0.0911352
396346808,-2.1065052,-1.610591,0.1501234,0.15266123,0.0,0.0,1.0,0.16091868,0.092021875
397357061,-1.9653878,-1.4751594,0.13962771,0.14379446,0.0,0.0,1.0,0.08658981,0.091647685
398366803,-1.9041176,-1.4164057,0.13517681,0.14049855,0.0,0.0,1.0,0.048006304,0.091492996
399368884,-1.8613293,-1.3747265,0.13366438,0.13969524,0.0,0.0,1.0,0.054264657,0.091455445
400376974,-1.8077409,-1.3215038,0.13118309,0.13738437,0.0,0.0,1.0,0.057823077,0.0913664
401379268,-1.7293477,-1.2412183,0.13067725,0.13640818,0.0,0.0,1.0,0.20916653,0.091242485
402390160,-1.6181757,-1.1258733,0.13383871,0.13888815,0.0,0.0,1.0,0.16655807,0.090970285
403395392,-1.5765598,-1.0817441,0.13871986,0.14295244,0.0,0.0,1.0,-0.0107613765,0.090525374
404398200,-1.5873802,-1.0938479,0.14754026,0.1507377,0.0,0.0,1.0,0.05863083,0.0902698
405402254,-1.5726913,-1.0746409,0.15629625,0.15867254,0.0,0.0,1.0,0.11968967,0.09018005
406415333,-1.5621964,-1.0606196,0.16740932,0.16896844,0.0,0.0,1.0,0.023779325,0.090158924
407422908,-1.5666267,-1.0690991,0.17702954,0.17811087,0.0,0.0,1.0,0.004533303,0.090057634
408428238,-1.5640881,-1.0657237,0.18559718,0.18727462,0.0,0.0,1.0,0.018549405,0.09024032
409440227,-1.6757547,-1.160911,0.19255172,0.19555897,0.0,0.0,1.0,0.120659195,0.09053486
410450820,-1.7963893,-1.2742239,0.19104429,0.19537967,0.0,0.0,1.0,0.095826186,0.09111986
411459880,-1.8230817,-1.3004708,0.18856095,0.19328974,0.0,0.0,1.0,0.022948176,0.09135911
412465445,-1.8701427,-1.3482646,0.17775431,0.18189207,0.0,0.0,1.0,0.02802436,0.091920175
413465668,-1.8943652,-1.3731152,0.16396295,0.16701448,0.0,0.0,1.0,0.06254713,0.092210434
414469101,-1.9914004,-1.471352,0.14265049,0.1453187,0.0,0.0,1.0,-0.018229522,0.092778236
415477089,-2.2640176,-1.7425467,0.109692775,0.112761036,0.0,0.0,1.0,0.16608348,0.09514695
416478054,-2.494405,-1.9720528,0.087851875,0.09120817,0.0,0.0,1.0,0.13078693,0.09341426
417479247,-2.4921668,-1.9693542,0.08534458,0.08752377,0.0,0.0,1.0,0.0062720347,0.09126591
418487229,-2.5246675,-2.0051622,0.090563625,0.091725774,0.0,0.0,1.0,0.053774845,0.090671875
419491072,-2.5442557,-2.0275724,0.09788856,0.09810538,0.0,0.0,1.0,-0.03956006,0.09039774
420492810,-2.5716424,-2.0599978,0.106755935,0.10568852,0.0,0.0,1.0,0.028245684,0.09060419
421499923,-2.5639935,-2.0515358,0.11201169,0.109020695,0.0,0.0,1.0,-0.0077858623,0.0910237
422508097,-2.557396,-2.0442314,0.11360167,0.10872209,0.0,0.0,1.0,-0.0068231816,0.09127358
423517152,-2.5229743,-2.0059862,0.11913258,0.112734355,0.0,0.0,1.0,-0.07020284,0.090944946
424526408,-2.4911046,-1.9690828,0.12584986,0.11837338,0.0,0.0,1.0,-0.10145394,0.09048117
425537403,-2.469555,-1.9421984,0.13402428,0.1255134,0.0,0.0,1.0,-0.05190402,0.09030172
426539297,-2.4596152,-1.9283658,0.14533524,0.13605265,0.0,0.0,1.0,-0.024196692,0.09018547
427548739,-2.4561076,-1.9215511,0.15724581,0.14749368,0.0,0.0,1.0,-0.0146476375,0.090113305
428561118,-2.4531069,-1.9235284,0.16927643,0.15951362,0.0,0.0,1.0,0.11823221,0.09007762
429564446,-2.4668298,-1.9399384,0.17575988,0.16542122,0.0,0.0,1.0,0.013967238,0.09067548
430569420,-2.4698489,-1.9430217,0.17487629,0.16442397,0.0,0.0,1.0,0.0035953673,0.090948634
431570971,-2.4715044,-1.944837,0.1759004,0.16618489,0.0,0.0,1.0,-0.0723083,0.090946436
432573885,-2.4516897,-1.9261706,0.1781264,0.16950306,0.0,0.0,1.0,-0.04088566,0.090853535
432784970,-2.474591,-1.9460038,0.18061084,0.17365924,0.0,0.0,1.0,0.1078982,0.090488195
432798260,-2.5251393,-1.9869664,0.18692611,0.18116912,0.0,0.0,1.0,0.13506036,0.09023956
433805416,-2.5561643,-2.0016892,0.18622842,0.18080322,0.0,0.0,1.0,0.13829523,0.09006502
434808232,-2.5107045,-1.9389046,0.19771108,0.19179055,0.0,0.0,1.0,0.23058416,0.0901594
435817100,-2.3988328,-1.8100365,0.20506743,0.1982851,0.0,0.0,1.0,0.253104,0.09030725
436827855,-2.302802,-1.7053614,0.21369311,0.20624152,0.0,0.0,1.0,0.30031377,0.090416625
437838005,-2.302802,-1.7053614,0.22579199,0.2183404,0.0,0.0,1.0,0.3685815,0.091259085
438841180,-2.191194,-1.5949888,0.22729202,0.220075,0.0,0.0,1.0,0.23026903,0.092232555
439851176,-1.8615044,-1.2723979,0.2144966,0.20832941,0.0,0.0,1.0,0.2800279,0.09202918
440861302,-1.5706433,-0.99082494,0.20010898,0.19549097,0.0,0.0,1.0,0.204051,0.09168501
441866248,-1.2927936,-0.72387326,0.18562752,0.18304026,0.0,0.0,1.0,0.17424254,0.0915229
442873200,-1.1116811,-0.5508838,0.17664033,0.1759072,0.0,0.0,1.0,0.109023675,0.091574356
443879711,-1.0762762,-0.5171252,0.17243026,0.17286113,0.0,0.0,1.0,0.002377838,0.0915067
444882859,-0.99070436,-0.43313915,0.16592099,0.16682622,0.0,0.0,1.0,0.011790926,0.091512375
445884023,-1.0110692,-0.45430616,0.1620465,0.16243319,0.0,0.0,1.0,-0.058799125,0.0909004
446889996,-1.0341456,-0.4789114,0.16744576,0.16719702,0.0,0.0,1.0,-0.013510742,0.09030611
447892717,-1.0341891,-0.47847298,0.17845985,0.17775266,0.0,0.0,1.0,0.09525125,0.090089075
448896141,-1.0292525,-0.4658103,0.19047308,0.18959944,0.0,0.0,1.0,0.13846934,0.090047516
449904902,-1.0465904,-0.47595295,0.19955117,0.19911711,0.0,0.0,1.0,0.09805705,0.09017719
450912295,-1.1001894,-0.52212316,0.19457963,0.19529217,0.0,0.0,1.0,0.064672835,0.090615995
451922428,-1.2225846,-0.6377656,0.18864855,0.19117197,0.0,0.0,1.0,0.04680415,0.09141175
452922778,-1.3158189,-0.72972536,0.1745017,0.17790565,0.0,0.0,1.0,0.119860895,0.09234239
453924314,-1.4658667,-0.8800357,0.15234834,0.15547375,0.0,0.0,1.0,0.03584487,0.09249421
454925915,-1.4645089,-0.8786751,0.14080551,0.14251776,0.0,0.0,1.0,0.0246689,0.09253334
455933331,-1.4945537,-0.9099087,0.13313721,0.13274603,0.0,0.0,1.0,-0.020521997,0.09112725
456942417,-1.4827665,-0.89611304,0.14111838,0.13939315,0.0,0.0,1.0,-0.035734806,0.09025618
457949338,-1.474082,-0.8838656,0.1502804,0.14780161,0.0,0.0,1.0,-0.030251138,0.0900937
458953139,-1.4748471,-0.88270015,0.16231608,0.15977468,0.0,0.0,1.0,-0.02612945,0.090078704
459954058,-1.484826,-0.8892027,0.17329505,0.17137472,0.0,0.0,1.0,-0.048987098,0.09023741
460960852,-1.511259,-0.9118202,0.17662449,0.17656866,0.0,0.0,1.0,-0.059369832,0.09090805
461963840,-1.5539888,-0.9513734,0.17394063,0.17623188,0.0,0.0,1.0,-0.102082625,0.09156305
462968789,-1.61154,-1.0060056,0.16509031,0.16909173,0.0,0.0,1.0,-0.0088599585,0.091314755
463977062,-1.5210048,-0.9174377,0.16259408,0.16724548,0.0,0.0,1.0,0.08317278,0.09116388
464986046,-1.4065411,-0.8034717,0.15640843,0.16118768,0.0,0.0,1.0,0.09763369,0.09125259
465997294,-1.364878,-0.7615547,0.1551795,0.15965462,0.0,0.0,1.0,-0.043030463,0.091632195
467004919,-1.3052455,-0.7005562,0.14765383,0.15137437,0.0,0.0,1.0,0.096545875,0.09167397
468015122,-1.2259251,-0.61906356,0.14188282,0.14460878,0.0,0.0,1.0,0.014686288,0.09157674
469018841,-1.1801338,-0.57112354,0.14421809,0.14597976,0.0,0.0,1.0,0.021974811,0.09136782
470021913,-1.1370101,-0.525401,0.13504058,0.13561869,0.0,0.0,1.0,-0.007742844,0.090942435
471035874,-1.1599745,-0.5501788,0.14088425,0.1403552,0.0,0.0,1.0,0.020741446,0.09035392
472040687,-1.1524502,-0.5400301,0.15197842,0.15094727,0.0,0.0,1.0,0.11387049,0.090093985
473045808,-1.1602695,-0.54223716,0.16378783,0.16282026,0.0,0.0,1.0,0.13238281,0.09009106
474049982,-1.2147448,-0.58943903,0.17299087,0.17272486,0.0,0.0,1.0,0.15614967,0.090417035
475050195,-1.2831459,-0.65278757,0.17830476,0.178966,0.0,0.0,1.0,0.103724666,0.09072782
476059097,-1.43434,-0.7999475,0.17219207,0.17365438,0.0,0.0,1.0,0.10762434,0.091429956
477060703,-1.6011286,-0.9672426,0.16203113,0.16336726,0.0,0.0,1.0,0.13447347,0.09194513
478069902,-1.7767384,-1.1479229,0.15273963,0.15299387,0.0,0.0,1.0,0.22996211,0.092751555
479076283,-1.8865265,-1.2627474,0.1423473,0.14040686,0.0,0.0,1.0,0.03296752,0.09269341
480083985,-1.7964064,-1.1692394,0.12802319,0.124117054,0.0,0.0,1.0,-0.07169936,0.09301706
481087063,-1.7490214,-1.1196518,0.12378728,0.118434146,0.0,0.0,1.0,-0.07716202,0.09177262
482088068,-1.6731526,-1.0381767,0.12769292,0.12110478,0.0,0.0,1.0,-0.1090179,0.09098872
483092916,-1.6334418,-0.9951536,0.13089755,0.123147674,0.0,0.0,1.0,-0.04056519,0.091088116
484103877,-1.5671525,-0.92459285,0.13410583,0.12515722,0.0,0.0,1.0,-0.11069462,0.09147791
485112950,-1.4546338,-0.8053867,0.13310209,0.12255857,0.0,0.0,1.0,-0.11992903,0.09162685
486121227,-1.3316505,-0.6743576,0.13128108,0.11915328,0.0,0.0,1.0,-0.11738588,0.09122563
487130990,-1.2673794,-0.60516536,0.12457928,0.111391865,0.0,0.0,1.0,-0.063642554,0.09073814
488134176,-1.218939,-0.5535322,0.13159731,0.11776118,0.0,0.0,1.0,-0.021990426,0.09072983
489134897,-1.2070808,-0.54123265,0.13563523,0.121481866,0.0,0.0,1.0,0.018307114,0.09111593
491147023,-1.2442281,-0.57740057,0.13268432,0.11886866,0.0,0.0,1.0,0.09392636,0.0919976
492148221,-1.3285406,-0.657589,0.12071806,0.109193474,0.0,0.0,1.0,0.054174196,0.09250732
493150126,-1.3652285,-0.6920587,0.111770324,0.10246488,0.0,0.0,1.0,0.044608895,0.09226136
494150960,-1.4686053,-0.7888983,0.107815884,0.10047334,0.0,0.0,1.0,0.12097703,0.09207074
495146321,-1.5770553,-0.8901963,0.10542861,0.099921666,0.0,0.0,1.0,0.13244838,0.09198625
496155310,-1.7943716,-1.0921221,0.101114646,0.09784691,0.0,0.0,1.0,0.21355534,0.09210235
497114097,-1.9713057,-1.2554126,0.09918951,0.09799613,0.0,0.0,1.0,0.23702781,0.09192002
