timestamp,error_count,device_id,x,y,z,temperature,scaling,x_raw,y_raw,z_raw,is_external
72429151,0,396809,0.23098281,0.0935523,0.3946933,0.0,0.003,73,23,102,1
73423831,0,396809,0.22795843,0.08776074,0.37001827,0.0,0.003,72,21,94,1
74423819,0,396809,0.23098281,0.079073414,0.3669339,0.0,0.003,73,18,93,1
75420432,0,396809,0.22795843,0.081969194,0.37001827,0.0,0.003,72,19,94,1
77426439,0,396809,0.20376334,0.07617764,0.400862,0.0,0.003,64,17,104,1
78433962,0,396809,0.19771457,0.058802985,0.400862,0.0,0.003,62,11,104,1
79439863,0,396809,0.21586089,0.047219884,0.39777765,0.0,0.003,68,7,103,1
80438009,0,396809,0.25215352,0.08486497,0.36076513,0.0,0.003,80,20,91,1
81434329,0,396809,0.20981212,0.1283016,0.3792714,0.0,0.003,66,35,97,1
82441105,0,396809,0.16747072,0.15436357,0.39777765,0.0,0.003,52,44,103,1
83438851,0,396809,0.12815373,0.18621711,0.38852453,0.0,0.003,39,55,100,1
84444799,0,396809,0.14327565,0.18042557,0.3916089,0.0,0.003,44,53,101,1
85451441,0,396809,0.15537319,0.17752978,0.38544017,0.0,0.003,48,52,99,1
86447912,0,396809,0.12512933,0.17173824,0.38852453,0.0,0.003,38,50,100,1
87454310,0,396809,0.028349003,0.15146782,0.42245263,0.0,0.003,6,43,111,1
88451432,0,396809,-0.08052887,0.11382272,0.4162839,0.0,0.003,-30,30,109,1
89460495,0,396809,-0.09262641,0.081969194,0.41011515,0.0,0.003,-34,19,107,1
90457170,0,396809,-0.07145571,0.099343844,0.42245263,0.0,0.003,-27,25,111,1
91468087,0,396809,-0.09262641,0.04142833,0.425537,0.0,0.003,-34,5,112,1
92465329,0,396809,-0.12589465,0.04142833,0.4131995,0.0,0.003,-45,5,108,1
93473322,0,396809,-0.11077272,0.17752978,0.38544017,0.0,0.003,-40,52,99,1
94471090,0,396809,-0.03516309,0.29915237,0.34225887,0.0,0.003,-15,94,85,1
95467245,0,396809,0.06766601,0.316527,0.3175839,0.0,0.003,19,100,77,1
96473492,0,396809,0.17351949,0.2817777,0.31141517,0.0,0.003,54,88,75,1
97472285,0,396809,0.25215352,0.1891129,0.33609015,0.0,0.003,80,56,83,1
98480429,0,396809,0.20376334,-0.0077998536,0.400862,0.0,0.003,64,-12,104,1
99478157,0,396809,0.17956828,-0.07150692,0.40394637,0.0,0.003,56,-34,105,1
100475857,0,396809,0.2128365,-0.085985795,0.38852453,0.0,0.003,67,-39,100,1
101483774,0,396809,0.20678774,-0.088881575,0.3792714,0.0,0.003,65,-40,97,1
102478438,0,396809,0.2340072,-0.09177735,0.37001827,0.0,0.003,74,-41,94,1
103486112,0,396809,0.21888527,-0.09177735,0.38852453,0.0,0.003,69,-41,100,1
104481818,0,396809,0.2763486,-0.088881575,0.3545964,0.0,0.003,88,-40,89,1
105487519,0,396809,0.3338119,-0.09467312,0.30833077,0.0,0.003,107,-42,74,1
106485222,0,396809,0.36708015,-0.09177735,0.25898075,0.0,0.003,118,-41,58,1
107491090,0,396809,0.32776314,-0.013591405,0.3175839,0.0,0.003,105,-14,77,1
108490432,0,396809,0.26122668,0.13119738,0.35768077,0.0,0.003,83,36,90,1
109487857,0,396809,0.21586089,0.08776074,0.3946933,0.0,0.003,68,21,102,1
110496499,0,396809,0.15839757,0.16884245,0.38544017,0.0,0.003,49,49,99,1
111504476,0,396809,0.16142195,0.18332133,0.3792714,0.0,0.003,50,54,97,1
112501189,0,396809,0.15839757,0.19200866,0.3792714,0.0,0.003,49,57,97,1
113508015,0,396809,0.15537319,0.18042557,0.38852453,0.0,0.003,48,53,100,1
114502871,0,396809,0.052544083,0.058802985,0.4409589,0.0,0.003,14,11,117,1
115511223,0,396809,0.052544083,-0.019382956,0.44404325,0.0,0.003,14,-16,118,1
116506171,0,396809,0.09790986,-0.17865062,0.3916089,0.0,0.003,29,-71,101,1
117512306,0,396809,0.3005437,-0.19602527,0.31449953,0.0,0.003,96,-77,76,1
118510458,0,396809,0.33078754,-0.1931295,0.2713183,0.0,0.003,106,-76,62,1
119517432,0,396809,0.055568468,-0.20760837,0.3916089,0.0,0.003,15,-81,101,1
120513682,0,396809,-0.03818747,-0.013591405,0.425537,0.0,0.003,-16,-14,112,1
123523191,0,396809,0.028349003,-0.17865062,0.400862,0.0,0.003,6,-71,104,1
124521128,0,396809,0.34893382,-0.059923813,0.28982452,0.0,0.003,112,-30,68,1
125518850,0,396809,0.18561703,0.26729885,0.3175839,0.0,0.003,58,83,77,1
126525836,0,396809,0.03137339,0.2238622,0.3916089,0.0,0.003,7,68,101,1
127525975,0,396809,0.10698302,0.14278048,0.425537,0.0,0.003,32,40,112,1
128531429,0,396809,-0.004919235,0.015366351,0.43479013,0.0,0.003,-5,-4,115,1
129526127,0,396809,-0.013992391,-0.07729847,0.43787453,0.0,0.003,-8,-36,116,1
130534454,0,396809,-0.047260627,-0.088881575,0.42245263,0.0,0.003,-19,-40,111,1
131531092,0,396809,0.016251462,0.16015515,0.42245263,0.0,0.003,2,46,111,1
132539373,0,396809,0.2128365,0.20359176,0.3545964,0.0,0.003,67,61,89,1
133533461,0,396809,0.3156656,0.053011432,0.32375267,0.0,0.003,101,9,79,1
134540802,0,396809,0.40942153,-0.028070282,0.22196828,0.0,0.003,132,-19,46,1
135535092,0,396809,0.40639716,-0.01648718,0.22813703,0.0,0.003,131,-15,48,1
136539847,0,396809,0.4215191,-0.042549163,0.21579954,0.0,0.003,136,-24,44,1
137545849,0,396809,0.4154703,-0.05702804,0.2188839,0.0,0.003,134,-29,45,1
138541177,0,396809,0.41244593,-0.06571537,0.22505265,0.0,0.003,133,-32,47,1
139546820,0,396809,0.34893382,-0.013591405,0.30216205,0.0,0.003,112,-14,72,1
140552330,0,396809,0.028349003,-0.0077998536,0.425537,0.0,0.003,6,-12,112,1
141559433,0,396809,0.0495197,-0.068611145,0.44404325,0.0,0.003,13,-33,118,1
142568098,0,396809,0.013227076,-0.07150692,0.43170577,0.0,0.003,1,-34,114,1
143566219,0,396809,0.02230023,-0.07150692,0.4409589,0.0,0.003,4,-34,117,1
144565243,0,396809,-0.0018948498,0.108031176,0.43479013,0.0,0.003,-4,28,115,1
145571781,0,396809,0.040446546,0.0935523,0.43170577,0.0,0.003,10,23,114,1
146568336,0,396809,0.10698302,0.17752978,0.4070308,0.0,0.003,32,52,106,1
147577095,0,396809,0.1311781,0.20069599,0.38852453,0.0,0.003,40,60,100,1
148573182,0,396809,0.15537319,0.20938332,0.3792714,0.0,0.003,48,63,97,1
149581135,0,396809,0.15537319,0.20648754,0.3792714,0.0,0.003,48,62,97,1
150580996,0,396809,0.14932442,0.2122791,0.37618703,0.0,0.003,46,64,96,1
151587814,0,396809,0.16444634,0.20938332,0.38852453,0.0,0.003,51,63,100,1
152581381,0,396809,0.20073897,0.23834108,0.3545964,0.0,0.003,63,73,89,1
153590428,0,396809,0.21586089,0.23834108,0.3330058,0.0,0.003,68,73,82,1
154597432,0,396809,0.22190966,0.21517487,0.3545964,0.0,0.003,70,65,89,1
155603087,0,396809,0.17654388,0.14567626,0.4131995,0.0,0.003,55,41,108,1
156601275,0,396809,0.0011295354,-0.251045,0.3545964,0.0,0.003,-3,-96,89,1
157606500,0,396809,0.35800698,-0.17285907,0.24355891,0.0,0.003,115,-69,53,1
158614289,0,396809,0.37312892,-0.15548441,0.25898075,0.0,0.003,120,-63,58,1
159614343,0,396809,0.30961683,-0.18733795,0.3175839,0.0,0.003,99,-74,77,1
160623433,0,396809,0.22493406,-0.18733795,0.36076513,0.0,0.003,71,-74,91,1
161620171,0,396809,0.16142195,-0.18733795,0.3916089,0.0,0.003,50,-74,101,1
162630454,0,396809,0.14025126,-0.23077458,0.38544017,0.0,0.003,43,-89,99,1
163637332,0,396809,0.14327565,-0.30316898,0.3175839,0.0,0.003,44,-114,77,1
164643895,0,396809,0.1946902,-0.24814923,0.3453433,0.0,0.003,61,-95,86,1
165645002,0,396809,0.1916658,-0.24525346,0.351512,0.0,0.003,60,-94,88,1
166639863,0,396809,0.1946902,-0.251045,0.34842765,0.0,0.003,61,-96,87,1
167647484,0,396809,0.22190966,-0.251045,0.3052464,0.0,0.003,70,-96,73,1
168645428,0,396809,0.397324,-0.07440269,0.22813703,0.0,0.003,128,-35,48,1
169650194,0,396809,0.19771457,0.11961427,0.3946933,0.0,0.003,62,32,102,1
170646191,0,396809,0.16142195,0.22096643,0.37618703,0.0,0.003,50,67,96,1
171652075,0,396809,0.13722686,0.22096643,0.37310264,0.0,0.003,42,67,95,1
172660131,0,396809,0.14932442,0.21807064,0.37618703,0.0,0.003,46,66,96,1
173655803,0,396809,0.14630002,0.21517487,0.37618703,0.0,0.003,45,65,96,1
174662203,0,396809,0.14630002,0.21517487,0.37310264,0.0,0.003,45,65,95,1
175669741,0,396809,0.15234879,0.2122791,0.3792714,0.0,0.003,47,64,97,1
176667072,0,396809,0.14932442,0.20359176,0.38852453,0.0,0.003,46,61,100,1
177675074,0,396809,0.1342025,0.26729885,0.3453433,0.0,0.003,41,83,86,1
178672115,0,396809,0.29751927,0.29046503,0.19112453,0.0,0.003,95,91,36,1
179677327,0,396809,0.30961683,-0.06571537,0.33609015,0.0,0.003,99,-32,83,1
180674428,0,396809,0.15234879,-0.24814923,0.34842765,0.0,0.003,47,-95,87,1
181682258,0,396809,0.1311781,-0.24525346,0.37001827,0.0,0.003,40,-94,94,1
182680148,0,396809,0.1342025,-0.2394619,0.3669339,0.0,0.003,41,-92,93,1
183685792,0,396809,0.1342025,-0.23656613,0.3792714,0.0,0.003,41,-91,97,1
184680116,0,396809,0.13722686,-0.24235767,0.3669339,0.0,0.003,42,-93,93,1
185687136,0,396809,0.09186109,-0.17285907,0.41011515,0.0,0.003,27,-69,107,1
186683437,0,396809,0.073714785,-0.2047126,0.40394637,0.0,0.003,21,-80,105,1
187680001,0,396809,0.08883671,-0.28000274,0.3453433,0.0,0.003,26,-106,86,1
188690237,0,396809,0.18864141,-0.34950137,0.22196828,0.0,0.003,59,-130,46,1
189684797,0,396809,0.38825083,-0.12363088,0.21579954,0.0,0.003,125,-52,44,1
190692446,0,396809,0.29147053,0.15146782,0.3299214,0.0,0.003,93,43,81,1
191687429,0,396809,0.24610475,0.23254952,0.3052464,0.0,0.003,78,71,73,1
192694116,0,396809,0.1946902,0.14567626,0.38544017,0.0,0.003,61,41,99,1
193691808,0,396809,0.12512933,0.12540582,0.41936827,0.0,0.003,38,34,110,1
194689007,0,396809,0.09186109,0.13409315,0.4162839,0.0,0.003,27,37,109,1
195695429,0,396809,0.110007405,0.19490445,0.3916089,0.0,0.003,33,58,101,1
196703291,0,396809,0.12512933,0.19200866,0.3916089,0.0,0.003,38,57,101,1
197702180,0,396809,-0.047260627,-0.028070282,0.4286214,0.0,0.003,-19,-19,113,1
198700201,0,396809,0.013227076,0.047219884,0.44712767,0.0,0.003,1,7,119,1
199705295,0,396809,0.034397773,0.19780022,0.400862,0.0,0.003,8,59,104,1
200702449,0,396809,0.28542173,0.24123685,0.26206517,0.0,0.003,91,74,59,1
201709186,0,396809,0.32473874,0.06749031,0.32375267,0.0,0.003,104,14,79,1
202705801,0,396809,0.24005598,0.061698765,0.3946933,0.0,0.003,76,12,102,1
203714772,0,396809,0.18864141,0.21807064,0.35768077,0.0,0.003,59,66,90,1
204720495,0,396809,0.18561703,0.2238622,0.36076513,0.0,0.003,58,68,91,1
205716996,0,396809,0.18561703,0.2122791,0.3669339,0.0,0.003,58,64,93,1
206723127,0,396809,0.07673917,0.18042557,0.41936827,0.0,0.003,22,53,110,1
207718859,0,396809,0.013227076,0.12540582,0.43170577,0.0,0.003,1,34,114,1
208727288,0,396809,-0.03516309,0.02984523,0.43787453,0.0,0.003,-15,1,116,1
209725428,0,396809,0.0071783056,-0.21919148,0.3916089,0.0,0.003,-1,-85,101,1
210731199,0,396809,0.18561703,-0.32633516,0.24355891,0.0,0.003,58,-122,53,1
211740104,0,396809,0.40337276,-0.106256224,0.22813703,0.0,0.003,130,-46,48,1
212738119,0,396809,0.055568468,-0.16417174,0.40394637,0.0,0.003,15,-66,105,1
213735764,0,396809,0.17351949,-0.28000274,0.31141517,0.0,0.003,54,-106,75,1
214744282,0,396809,0.17956828,-0.21919148,0.3545964,0.0,0.003,56,-85,89,1
215741436,0,396809,0.14327565,-0.23656613,0.35768077,0.0,0.003,44,-91,90,1
216750476,0,396809,0.15537319,-0.251045,0.33609015,0.0,0.003,48,-96,83,1
217747126,0,396809,0.25820228,-0.26841965,0.2713183,0.0,0.003,82,-102,62,1
218742804,0,396809,0.26727542,-0.18444216,0.3391745,0.0,0.003,85,-73,84,1
219752118,0,396809,0.28542173,0.15725936,0.3391745,0.0,0.003,91,45,84,1
220751432,0,396809,0.20376334,0.2238622,0.3453433,0.0,0.003,64,68,86,1
221751799,0,396809,0.14630002,0.19490445,0.38235575,0.0,0.003,45,58,98,1
222757277,0,396809,0.08581232,0.18621711,0.40394637,0.0,0.003,25,55,105,1
223763441,0,396809,0.094885476,0.18332133,0.39777765,0.0,0.003,28,54,103,1
224760170,0,396809,0.10698302,0.18332133,0.3916089,0.0,0.003,32,54,101,1
225766324,0,396809,0.100934245,0.18621711,0.39777765,0.0,0.003,30,55,103,1
226763847,0,396809,0.10395864,0.18621711,0.400862,0.0,0.003,31,55,104,1
227769324,0,396809,0.09790986,0.18332133,0.3946933,0.0,0.003,29,54,102,1
228774437,0,396809,0.094885476,0.18621711,0.3946933,0.0,0.003,28,55,102,1
229772313,0,396809,0.10395864,0.18621711,0.3946933,0.0,0.003,31,55,102,1
230778451,0,396809,-0.12589465,0.11961427,0.41011515,0.0,0.003,-45,32,107,1
231784199,0,396809,-0.09565079,-0.30606475,0.2836558,0.0,0.003,-35,-115,66,1
232782888,0,396809,0.26727542,-0.2162957,0.30833077,0.0,0.003,85,-84,74,1
233787830,0,396809,0.04347093,-0.11494356,0.4286214,0.0,0.003,11,-49,113,1
234785433,0,396809,0.22493406,-0.2539408,0.29907763,0.0,0.003,71,-97,71,1
235784179,0,396809,0.17049511,-0.20181683,0.37618703,0.0,0.003,53,-79,96,1
236792141,0,396809,0.08278793,-0.22787881,0.3792714,0.0,0.003,24,-88,97,1
237786798,0,396809,0.10395864,-0.28000274,0.32683703,0.0,0.003,31,-106,80,1
238794779,0,396809,0.20073897,0.08776074,0.38544017,0.0,0.003,63,21,99,1
239793429,0,396809,0.1342025,0.25281996,0.34842765,0.0,0.003,41,78,87,1
240799126,0,396809,0.04347093,0.20359176,0.3946933,0.0,0.003,11,61,102,1
241797090,0,396809,0.025324617,0.2354453,0.3946933,0.0,0.003,5,72,102,1
242804858,0,396809,0.08883671,0.16594669,0.41011515,0.0,0.003,26,48,107,1
243804116,0,396809,0.03137339,0.1891129,0.40394637,0.0,0.003,7,56,105,1
244805975,0,396809,0.016251462,0.2122791,0.400862,0.0,0.003,2,64,104,1
245803502,0,396809,0.02230023,0.20648754,0.400862,0.0,0.003,4,62,104,1
246810799,0,396809,0.025324617,0.20359176,0.40394637,0.0,0.003,5,61,105,1
247807442,0,396809,0.034397773,0.18621711,0.40394637,0.0,0.003,8,55,105,1
248816821,0,396809,0.06161724,0.18332133,0.400862,0.0,0.003,17,54,104,1
249812202,0,396809,0.058592856,0.19200866,0.3946933,0.0,0.003,16,57,102,1
250821127,0,396809,0.040446546,0.19200866,0.40394637,0.0,0.003,10,57,105,1
251818344,0,396809,0.0011295354,0.1891129,0.400862,0.0,0.003,-3,56,104,1
252827824,0,396809,0.004153921,0.18332133,0.40394637,0.0,0.003,-2,54,105,1
253825222,0,396809,0.010202691,0.18042557,0.40394637,0.0,0.003,0,53,105,1
254833843,0,396809,0.02230023,0.19490445,0.3916089,0.0,0.003,4,58,101,1
255831094,0,396809,0.016251462,0.19780022,0.40394637,0.0,0.003,2,59,105,1
256838771,0,396809,0.0071783056,0.20069599,0.39777765,0.0,0.003,-1,60,103,1
257835097,0,396809,0.0011295354,0.19200866,0.39777765,0.0,0.003,-3,57,103,1
258842134,0,396809,0.0011295354,0.1891129,0.39777765,0.0,0.003,-3,56,103,1
259842177,0,396809,-0.0018948498,0.18042557,0.400862,0.0,0.003,-4,53,104,1
260852114,0,396809,0.0011295354,0.17463402,0.41011515,0.0,0.003,-3,51,107,1
261848857,0,396809,0.004153921,0.18332133,0.400862,0.0,0.003,-2,54,104,1
262847890,0,396809,0.004153921,0.20359176,0.3916089,0.0,0.003,-2,61,101,1
263857114,0,396809,-0.013992391,0.20069599,0.3946933,0.0,0.003,-8,60,102,1
264852512,0,396809,-0.017016776,0.20069599,0.38852453,0.0,0.003,-9,60,100,1
265861326,0,396809,-0.00794362,0.19200866,0.40394637,0.0,0.003,-6,57,105,1
266866181,0,396809,0.0011295354,0.19200866,0.39777765,0.0,0.003,-3,57,103,1
267862807,0,396809,0.004153921,0.19780022,0.3916089,0.0,0.003,-2,59,101,1
268868428,0,396809,0.010202691,0.19490445,0.40394637,0.0,0.003,0,58,105,1
269875433,0,396809,-0.062382553,0.1891129,0.3946933,0.0,0.003,-24,56,102,1
270873788,0,396809,-0.18033358,0.18621711,0.351512,0.0,0.003,-63,55,88,1
271878804,0,396809,-0.23477252,0.02984523,0.36076513,0.0,0.003,-81,1,91,1
272877805,0,396809,-0.1954555,-0.08309002,0.37001827,0.0,0.003,-68,-38,94,1
273876797,0,396809,-0.029114317,-0.23077458,0.36384955,0.0,0.003,-13,-89,92,1
274884252,0,396809,0.12210494,-0.20760837,0.37618703,0.0,0.003,37,-81,96,1
275878006,0,396809,0.07673917,-0.20760837,0.38852453,0.0,0.003,22,-81,100,1
276885846,0,396809,0.058592856,-0.2047126,0.38544017,0.0,0.003,16,-80,99,1
277890433,0,396809,0.06161724,-0.19892104,0.38544017,0.0,0.003,17,-78,99,1
278885369,0,396809,0.0495197,-0.20181683,0.38544017,0.0,0.003,13,-79,99,1
279894121,0,396809,0.064641625,-0.21050414,0.38235575,0.0,0.003,18,-82,98,1
280889517,0,396809,0.073714785,-0.21919148,0.37310264,0.0,0.003,21,-85,95,1
281897442,0,396809,0.06766601,-0.22208725,0.37618703,0.0,0.003,19,-86,96,1
282897429,0,396809,0.06766601,-0.2162957,0.3792714,0.0,0.003,19,-84,97,1
283891241,0,396809,0.0495197,-0.21050414,0.38235575,0.0,0.003,13,-82,98,1
284897348,0,396809,0.07673917,-0.20181683,0.38235575,0.0,0.003,22,-79,98,1
285895173,0,396809,0.07673917,-0.19023372,0.38544017,0.0,0.003,22,-75,99,1
286900910,0,396809,0.0706904,-0.18444216,0.3946933,0.0,0.003,20,-73,102,1
287905794,0,396809,0.073714785,-0.2047126,0.38235575,0.0,0.003,21,-80,98,1
288911446,0,396809,0.073714785,-0.21339992,0.37001827,0.0,0.003,21,-83,94,1
289905807,0,396809,0.073714785,-0.2162957,0.37310264,0.0,0.003,21,-84,95,1
290912848,0,396809,0.064641625,-0.20181683,0.38235575,0.0,0.003,18,-79,98,1
291909103,0,396809,-0.017016776,-0.20181683,0.38852453,0.0,0.003,-9,-79,100,1
292906335,0,396809,0.100934245,-0.30027318,0.30833077,0.0,0.003,30,-113,74,1
293914370,0,396809,0.27029982,-0.0975689,0.36384955,0.0,0.003,86,-43,92,1
294921817,0,396809,0.2944949,0.018262127,0.35768077,0.0,0.003,94,-3,90,1
295918011,0,396809,0.2551779,0.03563678,0.3792714,0.0,0.003,81,3,97,1
296917229,0,396809,0.23703158,0.026949454,0.38544017,0.0,0.003,75,0,99,1
297925470,0,396809,0.23703158,0.026949454,0.38544017,0.0,0.003,75,0,99,1
298923105,0,396809,0.25215352,0.02984523,0.3792714,0.0,0.003,80,1,97,1
299923060,0,396809,0.26727542,0.021157902,0.36076513,0.0,0.003,85,-2,91,1
300929382,0,396809,0.26122668,0.0095748,0.3792714,0.0,0.003,83,-6,97,1
301927849,0,396809,0.2551779,0.012470575,0.37310264,0.0,0.003,81,-5,95,1
302924277,0,396809,0.25820228,0.015366351,0.37310264,0.0,0.003,82,-4,95,1
303933342,0,396809,0.25820228,0.021157902,0.36384955,0.0,0.003,82,-2,92,1
304940152,0,396809,0.26425105,0.012470575,0.37618703,0.0,0.003,84,-5,96,1
305936865,0,396809,0.25820228,0.012470575,0.37310264,0.0,0.003,82,-5,95,1
306941840,0,396809,0.17351949,0.02984523,0.4162839,0.0,0.003,54,1,109,1
307937183,0,396809,0.14932442,-0.030966057,0.42245263,0.0,0.003,46,-20,111,1
308944094,0,396809,0.09790986,0.11382272,0.41936827,0.0,0.003,29,30,110,1
309949802,0,396809,0.0706904,0.19490445,0.400862,0.0,0.003,20,58,104,1
310955441,0,396809,0.034397773,0.19490445,0.39777765,0.0,0.003,8,58,103,1
311951432,0,396809,0.013227076,0.1891129,0.3946933,0.0,0.003,1,56,102,1
312958808,0,396809,0.02230023,0.18621711,0.39777765,0.0,0.003,4,55,103,1
313954436,0,396809,0.02230023,0.17463402,0.400862,0.0,0.003,4,51,104,1
314962450,0,396809,0.016251462,0.19200866,0.39777765,0.0,0.003,2,57,103,1
315969148,0,396809,0.019275848,0.19490445,0.3946933,0.0,0.003,3,58,102,1
316963429,0,396809,0.028349003,0.19200866,0.40394637,0.0,0.003,6,57,105,1
317969463,0,396809,0.013227076,0.19490445,0.3916089,0.0,0.003,1,58,101,1
318965503,0,396809,0.016251462,0.19490445,0.39777765,0.0,0.003,2,58,103,1
319962275,0,396809,0.046495315,0.20069599,0.38852453,0.0,0.003,12,60,100,1
320970786,0,396809,0.040446546,0.19780022,0.3946933,0.0,0.003,10,59,102,1
321970794,0,396809,0.028349003,0.19780022,0.3916089,0.0,0.003,6,59,101,1
322976429,0,396809,0.019275848,0.19200866,0.40394637,0.0,0.003,3,57,105,1
323977348,0,396809,0.019275848,0.1891129,0.40394637,0.0,0.003,3,56,105,1
324976357,0,396809,0.03137339,0.18042557,0.4131995,0.0,0.003,7,53,108,1
325981172,0,396809,-0.032138705,0.18332133,0.39777765,0.0,0.003,-14,54,103,1
326978807,0,396809,-0.1319434,0.108031176,0.400862,0.0,0.003,-47,28,104,1
327985316,0,396809,-0.14404096,-0.01648718,0.40394637,0.0,0.003,-51,-15,105,1
328981145,0,396809,-0.09867518,-0.022278732,0.4131995,0.0,0.003,-36,-17,108,1
329989044,0,396809,-0.14706534,0.00088747335,0.3916089,0.0,0.003,-52,-9,101,1
330987116,0,396809,-0.16218726,-0.01069563,0.3916089,0.0,0.003,-57,-13,101,1
331998051,0,396809,-0.15916288,-0.013591405,0.3916089,0.0,0.003,-56,-14,101,1
332992620,0,396809,-0.15916288,0.0066790245,0.38852453,0.0,0.003,-56,-7,100,1
333989438,0,396809,-0.18033358,0.0066790245,0.3792714,0.0,0.003,-63,-7,97,1
334998111,0,396809,-0.15008973,0.00088747335,0.3946933,0.0,0.003,-53,-9,102,1
335992785,0,396809,-0.14706534,-0.013591405,0.3946933,0.0,0.003,-52,-14,102,1
337002860,0,396809,-0.1561385,-0.013591405,0.39777765,0.0,0.003,-55,-14,103,1
337998485,0,396809,-0.14101657,-0.004904078,0.40394637,0.0,0.003,-50,-11,105,1
339005435,0,396809,-0.15311411,-0.004904078,0.400862,0.0,0.003,-54,-11,104,1
340004175,0,396809,-0.21360183,0.0095748,0.37001827,0.0,0.003,-74,-6,94,1
341002120,0,396809,-0.26804075,-0.09177735,0.32375267,0.0,0.003,-92,-41,79,1
342006824,0,396809,-0.050285015,-0.25973234,0.34842765,0.0,0.003,-20,-99,87,1
343002204,0,396809,0.119080566,-0.20181683,0.3792714,0.0,0.003,36,-79,97,1
344008543,0,396809,0.073714785,-0.18444216,0.3946933,0.0,0.003,21,-73,102,1
345014857,0,396809,0.064641625,-0.18154639,0.39777765,0.0,0.003,18,-72,103,1
346012434,0,396809,0.06161724,-0.18733795,0.3946933,0.0,0.003,17,-74,102,1
347008837,0,396809,0.058592856,-0.19602527,0.3946933,0.0,0.003,16,-77,102,1
348015871,0,396809,0.06161724,-0.19892104,0.38544017,0.0,0.003,17,-78,99,1
349010099,0,396809,0.064641625,-0.19602527,0.3916089,0.0,0.003,18,-77,101,1
350018371,0,396809,0.052544083,-0.1931295,0.3916089,0.0,0.003,14,-76,101,1
351017430,0,396809,0.046495315,-0.20181683,0.38544017,0.0,0.003,12,-79,99,1
352016000,0,396809,0.0495197,-0.20760837,0.38852453,0.0,0.003,13,-81,100,1
353014954,0,396809,0.052544083,-0.20760837,0.38544017,0.0,0.003,14,-81,99,1
354019033,0,396809,0.0706904,-0.21339992,0.38235575,0.0,0.003,20,-83,98,1
355026181,0,396809,0.055568468,-0.19892104,0.3916089,0.0,0.003,15,-78,101,1
356025239,0,396809,0.058592856,-0.19023372,0.3946933,0.0,0.003,16,-75,102,1
357032079,0,396809,0.052544083,-0.18444216,0.39777765,0.0,0.003,14,-73,103,1
358027328,0,396809,0.04347093,-0.18444216,0.39777765,0.0,0.003,11,-73,103,1
359035292,0,396809,-0.068431325,-0.18154639,0.38235575,0.0,0.003,-26,-72,98,1
360028428,0,396809,0.0706904,-0.3089605,0.30216205,0.0,0.003,20,-116,72,1
361032491,0,396809,0.2551779,-0.11494356,0.36384955,0.0,0.003,81,-49,92,1
362030041,0,396809,0.279373,0.012470575,0.36384955,0.0,0.003,89,-5,92,1
363037959,0,396809,0.24912912,0.012470575,0.38235575,0.0,0.003,79,-5,98,1
364043972,0,396809,0.24308035,0.018262127,0.37618703,0.0,0.003,77,-3,96,1
365040444,0,396809,0.24610475,0.003783249,0.3792714,0.0,0.003,78,-8,97,1
366045264,0,396809,0.26122668,0.00088747335,0.37001827,0.0,0.003,83,-9,94,1
367042089,0,396809,0.25820228,0.012470575,0.3792714,0.0,0.003,82,-5,97,1
369044245,0,396809,0.26425105,0.018262127,0.37001827,0.0,0.003,84,-3,94,1
370054331,0,396809,0.25215352,0.021157902,0.3792714,0.0,0.003,80,-2,97,1
371049806,0,396809,0.25215352,0.015366351,0.38235575,0.0,0.003,80,-4,98,1
372055431,0,396809,0.18259265,0.015366351,0.4131995,0.0,0.003,57,-4,108,1
373050658,0,396809,0.12815373,-0.01069563,0.43479013,0.0,0.003,39,-13,115,1
374055869,0,396809,0.119080566,0.061698765,0.4286214,0.0,0.003,36,12,113,1
375054432,0,396809,0.08883671,0.1891129,0.400862,0.0,0.003,26,56,104,1
376063844,0,396809,0.064641625,0.21517487,0.3916089,0.0,0.003,18,65,101,1
377059179,0,396809,0.055568468,0.19490445,0.400862,0.0,0.003,15,58,104,1
378070850,0,396809,0.03137339,0.20069599,0.3946933,0.0,0.003,7,60,102,1
379067172,0,396809,0.025324617,0.19490445,0.3946933,0.0,0.003,5,58,102,1
380075084,0,396809,0.03137339,0.18621711,0.400862,0.0,0.003,7,55,104,1
381081174,0,396809,0.028349003,0.18621711,0.40394637,0.0,0.003,6,55,105,1
382078187,0,396809,0.034397773,0.19490445,0.3946933,0.0,0.003,8,58,102,1
383074084,0,396809,0.037422158,0.19780022,0.400862,0.0,0.003,9,59,104,1
384081126,0,396809,0.03137339,0.19200866,0.40394637,0.0,0.003,7,57,105,1
385077264,0,396809,0.03137339,0.1891129,0.4070308,0.0,0.003,7,56,106,1
386082239,0,396809,0.028349003,0.19490445,0.400862,0.0,0.003,6,58,104,1
387089238,0,396809,0.058592856,0.19200866,0.39777765,0.0,0.003,16,57,103,1
388085804,0,396809,0.052544083,0.18332133,0.40394637,0.0,0.003,14,54,105,1
389085838,0,396809,0.04347093,0.19200866,0.400862,0.0,0.003,11,57,104,1
390094809,0,396809,-0.04121186,0.19780022,0.3916089,0.0,0.003,-17,59,101,1
391091794,0,396809,-0.1349678,0.105135396,0.3916089,0.0,0.003,-48,27,101,1
392097433,0,396809,-0.1319434,-0.0077998536,0.40394637,0.0,0.003,-47,-12,105,1
393095076,0,396809,-0.083553255,0.003783249,0.42245263,0.0,0.003,-31,-8,111,1
394102356,0,396809,-0.12287026,0.015366351,0.4070308,0.0,0.003,-44,-4,106,1
395096370,0,396809,-0.1349678,0.018262127,0.40394637,0.0,0.003,-48,-3,105,1
396106373,0,396809,-0.14404096,0.0066790245,0.400862,0.0,0.003,-51,-7,104,1
397106327,0,396809,-0.14706534,0.003783249,0.38852453,0.0,0.003,-52,-8,100,1
398100349,0,396809,-0.14706534,0.0066790245,0.40394637,0.0,0.003,-52,-7,105,1
399106788,0,396809,-0.13799219,0.00088747335,0.39777765,0.0,0.003,-49,-9,103,1
400103432,0,396809,-0.1561385,-0.0077998536,0.3946933,0.0,0.003,-55,-12,102,1
401110131,0,396809,-0.15311411,-0.0077998536,0.3946933,0.0,0.003,-54,-12,102,1
402116861,0,396809,-0.15008973,0.0066790245,0.400862,0.0,0.003,-53,-7,104,1
403113868,0,396809,-0.26501638,0.018262127,0.3391745,0.0,0.003,-91,-3,84,1
404119458,0,396809,-0.16823605,-0.26552388,0.29599327,0.0,0.003,-59,-101,70,1
405127104,0,396809,0.052544083,-0.26841965,0.3453433,0.0,0.003,14,-102,86,1
406122812,0,396809,0.10698302,-0.1931295,0.38852453,0.0,0.003,32,-76,100,1
407129857,0,396809,0.06766601,-0.18444216,0.3916089,0.0,0.003,19,-73,101,1
408136236,0,396809,0.07673917,-0.20181683,0.3792714,0.0,0.003,22,-79,97,1
409132134,0,396809,0.08278793,-0.20181683,0.38235575,0.0,0.003,24,-79,98,1
410138866,0,396809,0.073714785,-0.20760837,0.37618703,0.0,0.003,21,-81,96,1
411136030,0,396809,0.0706904,-0.20181683,0.38852453,0.0,0.003,20,-79,100,1
412143434,0,396809,0.064641625,-0.2162957,0.38852453,0.0,0.003,18,-84,100,1
413151181,0,396809,0.058592856,-0.2162957,0.3792714,0.0,0.003,16,-84,97,1
414146365,0,396809,0.058592856,-0.22498302,0.3669339,0.0,0.003,16,-87,93,1
415153864,0,396809,0.058592856,-0.19892104,0.38852453,0.0,0.003,16,-78,100,1
416149433,0,396809,0.07976355,-0.1931295,0.3916089,0.0,0.003,23,-76,101,1
417157271,0,396809,0.06161724,-0.1931295,0.3946933,0.0,0.003,17,-76,102,1
418164131,0,396809,0.073714785,-0.18733795,0.38852453,0.0,0.003,21,-74,100,1
419160317,0,396809,0.055568468,-0.20181683,0.3792714,0.0,0.003,15,-79,97,1
420158438,0,396809,-0.03818747,-0.21050414,0.37618703,0.0,0.003,-16,-82,96,1
421165223,0,396809,0.10698302,-0.30027318,0.31141517,0.0,0.003,32,-113,75,1
422173437,0,396809,0.25215352,-0.11494356,0.35768077,0.0,0.003,80,-49,90,1
423170869,0,396809,0.29751927,0.04142833,0.351512,0.0,0.003,95,5,88,1
424177770,0,396809,0.2763486,0.02984523,0.3669339,0.0,0.003,88,1,93,1
425174879,0,396809,0.26727542,0.032741006,0.3669339,0.0,0.003,85,2,93,1
426182477,0,396809,0.26122668,0.0095748,0.37310264,0.0,0.003,83,-6,95,1
427179010,0,396809,0.23098281,0.003783249,0.38852453,0.0,0.003,73,-8,100,1
428176099,0,396809,0.24610475,0.0066790245,0.38235575,0.0,0.003,78,-7,98,1
429185223,0,396809,0.26425105,-0.0020083024,0.37001827,0.0,0.003,84,-10,94,1
430190892,0,396809,0.27029982,0.003783249,0.3669339,0.0,0.003,86,-8,93,1
431191293,0,396809,0.19771457,0.0095748,0.40394637,0.0,0.003,62,-6,105,1
432190826,0,396809,0.14327565,-0.0077998536,0.42245263,0.0,0.003,44,-12,111,1
433197433,0,396809,0.15839757,0.047219884,0.44712767,0.0,0.003,49,7,119,1
434194431,0,396809,0.15839757,0.13119738,0.4131995,0.0,0.003,49,36,108,1
435193371,0,396809,0.11303179,0.21517487,0.38235575,0.0,0.003,34,65,98,1
436200108,0,396809,0.13722686,0.16594669,0.3946933,0.0,0.003,42,48,102,1
437197844,0,396809,0.15839757,0.1398847,0.41011515,0.0,0.003,49,39,107,1
438204020,0,396809,0.17654388,0.11382272,0.39777765,0.0,0.003,55,30,103,1
439202431,0,396809,0.13722686,0.09065652,0.4162839,0.0,0.003,42,22,109,1
440209349,0,396809,0.1342025,0.079073414,0.425537,0.0,0.003,41,18,112,1
441209077,0,396809,0.116056174,-0.12652665,0.4162839,0.0,0.003,35,-53,109,1
442205877,0,396809,-0.023065547,-0.19892104,0.3792714,0.0,0.003,-11,-78,97,1
443212180,0,396809,-0.09867518,-0.16996329,0.38235575,0.0,0.003,-36,-68,98,1
444210433,0,396809,-0.09262641,-0.14969286,0.40394637,0.0,0.003,-34,-61,105,1
445216119,0,396809,-0.09867518,-0.14679708,0.4070308,0.0,0.003,-36,-60,106,1
446211835,0,396809,-0.074480094,-0.15548441,0.400862,0.0,0.003,-28,-63,104,1
447221129,0,396809,-0.08052887,-0.14679708,0.400862,0.0,0.003,-30,-60,104,1
448226437,0,396809,-0.077504486,-0.14390132,0.40394637,0.0,0.003,-29,-59,105,1
449220875,0,396809,-0.083553255,-0.16127595,0.3946933,0.0,0.003,-31,-65,102,1
450227277,0,396809,-0.07145571,-0.15258864,0.4131995,0.0,0.003,-27,-62,108,1
451221179,0,396809,-0.08052887,-0.16417174,0.39777765,0.0,0.003,-30,-66,103,1
452229317,0,396809,-0.074480094,-0.14969286,0.40394637,0.0,0.003,-28,-61,105,1
453226802,0,396809,-0.09565079,-0.14679708,0.39777765,0.0,0.003,-35,-60,103,1
454231432,0,396809,-0.08657764,-0.15548441,0.3916089,0.0,0.003,-32,-63,101,1
455228225,0,396809,-0.17126042,-0.16127595,0.36076513,0.0,0.003,-60,-65,91,1
456234816,0,396809,-0.12891904,-0.20181683,0.351512,0.0,0.003,-46,-79,88,1
457240871,0,396809,0.055568468,-0.22208725,0.37618703,0.0,0.003,15,-86,96,1
458236226,0,396809,0.17049511,-0.106256224,0.40394637,0.0,0.003,53,-46,105,1
459242447,0,396809,0.18864141,0.058802985,0.40394637,0.0,0.003,59,11,105,1
460239884,0,396809,0.18864141,0.058802985,0.4162839,0.0,0.003,59,11,109,1
461237102,0,396809,0.1916658,0.04142833,0.4131995,0.0,0.003,60,5,108,1
462244005,0,396809,0.18864141,0.047219884,0.41011515,0.0,0.003,59,7,107,1
463238814,0,396809,0.18864141,0.04142833,0.4131995,0.0,0.003,59,5,108,1
464247302,0,396809,0.18864141,0.053011432,0.41936827,0.0,0.003,59,9,110,1
465242932,0,396809,0.1916658,0.044324107,0.4070308,0.0,0.003,60,6,106,1
466249890,0,396809,0.1916658,0.04142833,0.4131995,0.0,0.003,60,5,108,1
467248216,0,396809,0.1916658,0.053011432,0.4131995,0.0,0.003,60,9,108,1
468243433,0,396809,0.18561703,0.032741006,0.41011515,0.0,0.003,58,2,107,1
469249155,0,396809,0.18259265,0.02984523,0.41011515,0.0,0.003,57,1,107,1
470257115,0,396809,0.18561703,0.038532555,0.4131995,0.0,0.003,58,4,108,1
471252845,0,396809,0.1946902,0.047219884,0.400862,0.0,0.003,61,7,104,1
472250432,0,396809,0.1946902,0.05011566,0.4131995,0.0,0.003,61,8,108,1
473258285,0,396809,0.19771457,0.044324107,0.40394637,0.0,0.003,62,6,105,1
474255689,0,396809,0.1946902,0.05011566,0.40394637,0.0,0.003,61,8,105,1
475253820,0,396809,0.18864141,0.03563678,0.4070308,0.0,0.003,59,3,106,1
476261860,0,396809,0.18864141,0.02984523,0.4070308,0.0,0.003,59,1,106,1
477256156,0,396809,0.1946902,0.05011566,0.41011515,0.0,0.003,61,8,107,1
478253169,0,396809,0.20981212,0.058802985,0.3946933,0.0,0.003,66,11,102,1
479260444,0,396809,0.2128365,0.05011566,0.39777765,0.0,0.003,67,8,103,1
480270131,0,396809,0.20981212,0.058802985,0.400862,0.0,0.003,66,11,104,1
481264450,0,396809,0.18864141,0.047219884,0.4131995,0.0,0.003,59,7,108,1
482273435,0,396809,0.1946902,0.038532555,0.4070308,0.0,0.003,61,4,106,1
483271281,0,396809,0.18259265,0.047219884,0.4131995,0.0,0.003,57,7,108,1
484267442,0,396809,0.20073897,0.055907212,0.40394637,0.0,0.003,63,10,105,1
485277170,0,396809,0.18561703,0.044324107,0.4131995,0.0,0.003,58,6,108,1
486273755,0,396809,0.19771457,0.038532555,0.4131995,0.0,0.003,62,4,108,1
487272212,0,396809,0.20376334,0.047219884,0.400862,0.0,0.003,64,7,104,1
488280501,0,396809,0.1946902,0.07617764,0.3916089,0.0,0.003,61,17,101,1
491293136,0,396809,0.18864141,0.061698765,0.39777765,0.0,0.003,59,12,103,1
492289860,0,396809,0.19771457,0.0066790245,0.3946933,0.0,0.003,62,-7,102,1
493297865,0,396809,0.22190966,-0.004904078,0.37618703,0.0,0.003,70,-11,96,1
494293342,0,396809,0.21888527,0.026949454,0.3792714,0.0,0.003,69,0,97,1
495302428,0,396809,0.23703158,0.02984523,0.3669339,0.0,0.003,75,1,93,1
496300173,0,396809,0.24308035,0.02984523,0.37001827,0.0,0.003,77,1,94,1
497297132,0,396809,0.24610475,0.032741006,0.38235575,0.0,0.003,78,2,98,1
