timestamp,voltage_v,voltage_filtered_v,current_a,current_filtered_a,average_current_a,discharged_mah,remaining,scale,temperature,cell_count,voltage_cell_v[0],voltage_cell_v[1],voltage_cell_v[2],voltage_cell_v[3],max_cell_voltage_delta,capacity,cycle_count,run_time_to_empty,average_time_to_empty,serial_number,connected,system_source,priority,id,is_powering_off,warning
72425172,12.8248,12.913174,2.9511998,2.4665039,0.0,2.1684585,1.0,1.0,nan,3,0.0,0.0,0.0,0.0,0.0,0,0,0,0,0,1,1,0,1,0,0
73425166,12.972401,12.906711,2.3312,2.3523865,0.0,2.8187485,1.0,1.0,nan,3,0.0,0.0,0.0,0.0,0.0,0,0,0,0,0,1,1,0,1,0,0
74428106,12.906799,12.904922,2.6411998,2.3148527,0.0,3.4626584,1.0,1.0,nan,3,0.0,0.0,0.0,0.0,0.0,0,0,0,0,0,1,1,0,1,0,0
75426273,12.906799,12.893694,11.8172,6.171264,0.0,4.9354105,1.0,1.0,nan,3,0.0,0.0,0.0,0.0,0.0,0,0,0,0,0,1,1,0,1,0,0
77435691,11.7095995,12.381099,50.778,48.735764,0.0,27.986267,1.0,1.0,nan,3,0.0,0.0,0.0,0.0,0.0,0,0,0,0,0,1,1,0,1,0,0
78435167,11.89,12.201394,50.778,50.507202,0.0,42.083862,1.0,1.0,nan,3,0.0,0.0,0.0,0.0,0.0,0,0,0,0,0,1,1,0,1,0,0
79436463,12.447599,12.276039,37.2868,45.633106,0.0,55.362682,1.0,1.0,nan,3,0.0,0.0,0.0,0.0,0.0,0,0,0,0,0,1,1,0,1,0,0
80445396,12.496799,12.202445,50.778,49.93075,0.0,69.42432,1.0,1.0,nan,3,0.0,0.0,0.0,0.0,0.0,0,0,0,0,0,1,1,0,1,0,0
81445351,11.89,12.183492,50.778,50.410984,0.0,83.37243,1.0,1.0,nan,3,0.0,0.0,0.0,0.0,0.0,0,0,0,0,0,1,1,0,1,0,0
82445486,12.447599,12.140428,50.778,50.729362,0.0,97.47932,1.0,1.0,nan,3,0.0,0.0,0.0,0.0,0.0,0,0,0,0,0,1,1,0,1,0,0
83445167,12.3984,12.13122,50.778,50.77081,0.0,111.57947,1.0,1.0,nan,3,0.0,0.0,0.0,0.0,0.0,0,0,0,0,0,1,1,0,1,0,0
84445351,11.9966,12.133327,50.778,50.777092,0.0,125.687065,1.0,1.0,nan,3,0.0,0.0,0.0,0.0,0.0,0,0,0,0,0,1,1,0,1,0,0
85445169,12.0868,12.172767,50.778,50.204697,0.0,139.64168,1.0,1.0,nan,3,0.0,0.0,0.0,0.0,0.0,0,0,0,0,0,1,1,0,1,0,0
86456222,12.496799,12.128482,50.778,50.703537,0.0,153.90257,1.0,1.0,nan,3,0.0,0.0,0.0,0.0,0.0,0,0,0,0,0,1,1,0,1,0,0
87455177,12.0294,12.11981,50.778,50.76817,0.0,167.99287,1.0,1.0,nan,3,0.0,0.0,0.0,0.0,0.0,0,0,0,0,0,1,1,0,1,0,0
88456454,12.3656,12.092701,50.778,50.776737,0.0,182.11594,1.0,1.0,nan,3,0.0,0.0,0.0,0.0,0.0,0,0,0,0,0,1,1,0,1,0,0
89467978,12.0376,12.10234,50.778,50.777866,0.0,196.38353,1.0,1.0,nan,3,0.0,0.0,0.0,0.0,0.0,0,0,0,0,0,1,1,0,1,0,0
90465169,12.431199,12.074609,50.778,50.777958,0.0,210.44893,1.0,1.0,nan,3,0.0,0.0,0.0,0.0,0.0,0,0,0,0,0,1,1,0,1,0,0
91465214,11.693199,12.059309,50.778,50.777958,0.0,224.55461,1.0,1.0,nan,3,0.0,0.0,0.0,0.0,0.0,0,0,0,0,0,1,1,0,1,0,0
92465204,12.168799,12.0765705,50.778,50.777958,0.0,238.65948,1.0,1.0,nan,3,0.0,0.0,0.0,0.0,0.0,0,0,0,0,0,1,1,0,1,0,0
93475169,11.8244,12.06029,50.778,50.777958,0.0,252.90509,1.0,1.0,nan,3,0.0,0.0,0.0,0.0,0.0,0,0,0,0,0,1,1,0,1,0,0
94475876,12.464,12.068038,50.778,50.777958,0.0,267.02017,1.0,1.0,nan,3,0.0,0.0,0.0,0.0,0.0,0,0,0,0,0,1,1,0,1,0,0
95475181,12.021199,12.09104,50.778,50.777958,0.0,281.1153,1.0,1.0,nan,3,0.0,0.0,0.0,0.0,0.0,0,0,0,0,0,1,1,0,1,0,0
96475650,12.218,12.099529,50.778,50.777958,0.0,295.227,1.0,1.0,nan,3,0.0,0.0,0.0,0.0,0.0,0,0,0,0,0,1,1,0,1,0,0
97475914,12.0868,12.109486,50.778,50.777958,0.0,309.33566,1.0,1.0,nan,3,0.0,0.0,0.0,0.0,0.0,0,0,0,0,0,1,1,0,1,0,0
98478750,11.906401,12.048009,50.778,50.777958,0.0,323.4807,1.0,1.0,nan,3,0.0,0.0,0.0,0.0,0.0,0,0,0,0,0,1,1,0,1,0,0
99475782,11.8244,11.959661,50.778,50.777958,0.0,337.54382,1.0,1.0,nan,3,0.0,0.0,0.0,0.0,0.0,0,0,0,0,0,1,1,0,1,0,0
100485166,11.586599,11.953487,50.778,50.777958,0.0,351.78125,1.0,1.0,nan,3,0.0,0.0,0.0,0.0,0.0,0,0,0,0,0,1,1,0,1,0,0
101485167,12.021199,12.026847,50.778,50.777958,0.0,365.88614,1.0,1.0,nan,3,0.0,0.0,0.0,0.0,0.0,0,0,0,0,0,1,1,0,1,0,0
102486303,12.0868,12.091389,50.778,50.77754,0.0,380.0067,1.0,1.0,nan,3,0.0,0.0,0.0,0.0,0.0,0,0,0,0,0,1,1,0,1,0,0
103485173,11.972,11.97494,50.778,48.398598,0.0,392.9504,1.0,1.0,nan,3,0.0,0.0,0.0,0.0,0.0,0,0,0,0,0,1,1,0,1,0,0
104485166,11.9556,11.881727,50.778,50.46249,0.0,407.05524,1.0,1.0,nan,3,0.0,0.0,0.0,0.0,0.0,0,0,0,0,0,1,1,0,1,0,0
105486178,11.7916,11.81193,50.778,50.736195,0.0,421.1745,1.0,1.0,nan,3,0.0,0.0,0.0,0.0,0.0,0,0,0,0,0,1,1,0,1,0,0
106485167,12.119599,11.916128,38.7748,46.007835,0.0,434.44308,1.0,1.0,nan,3,0.0,0.0,0.0,0.0,0.0,0,0,0,0,0,1,1,0,1,0,0
107485175,12.054,11.986274,50.778,49.820965,0.0,448.24548,1.0,1.0,nan,3,0.0,0.0,0.0,0.0,0.0,0,0,0,0,0,1,1,0,1,0,0
108486259,12.0376,11.99609,50.778,50.651123,0.0,462.3657,1.0,1.0,nan,3,0.0,0.0,0.0,0.0,0.0,0,0,0,0,0,1,1,0,1,0,0
109485167,11.7588,11.867155,50.778,50.761223,0.0,476.4552,1.0,1.0,nan,3,0.0,0.0,0.0,0.0,0.0,0,0,0,0,0,1,1,0,1,0,0
110495864,11.693199,11.819764,50.778,50.775864,0.0,490.71094,1.0,1.0,nan,3,0.0,0.0,0.0,0.0,0.0,0,0,0,0,0,1,1,0,1,0,0
111496474,11.9884,11.849702,50.778,50.777767,0.0,504.82462,1.0,1.0,nan,3,0.0,0.0,0.0,0.0,0.0,0,0,0,0,0,1,1,0,1,0,0
112495171,11.9556,11.846321,50.778,50.777958,0.0,518.91113,1.0,1.0,nan,3,0.0,0.0,0.0,0.0,0.0,0,0,0,0,0,1,1,0,1,0,0
113498395,11.9884,11.781274,50.778,50.777958,0.0,533.0613,1.0,1.0,nan,3,0.0,0.0,0.0,0.0,0.0,0,0,0,0,0,1,1,0,1,0,0
114495169,11.8326,11.7167,50.778,50.777958,0.0,547.1208,1.0,1.0,nan,3,0.0,0.0,0.0,0.0,0.0,0,0,0,0,0,1,1,0,1,0,0
115495483,11.6276,11.70532,50.778,50.777958,0.0,561.23035,1.0,1.0,nan,3,0.0,0.0,0.0,0.0,0.0,0,0,0,0,0,1,1,0,1,0,0
116507290,11.9884,11.761507,50.778,50.777958,0.0,575.50195,1.0,1.0,nan,3,0.0,0.0,0.0,0.0,0.0,0,0,0,0,0,1,1,0,1,0,0
117508156,11.6276,11.880892,50.778,50.777958,0.0,589.619,1.0,1.0,nan,3,0.0,0.0,0.0,0.0,0.0,0,0,0,0,0,1,1,0,1,0,0
118505169,11.7588,11.812141,50.778,50.777958,0.0,603.6819,1.0,1.0,nan,3,0.0,0.0,0.0,0.0,0.0,0,0,0,0,0,1,1,0,1,0,0
119507281,11.4307995,11.745983,50.778,50.777958,0.0,617.8166,1.0,1.0,nan,3,0.0,0.0,0.0,0.0,0.0,0,0,0,0,0,1,1,0,1,0,0
120509381,11.8572,11.717998,50.778,50.777958,0.0,631.95135,1.0,1.0,nan,3,0.0,0.0,0.0,0.0,0.0,0,0,0,0,0,1,1,0,1,0,0
123515166,11.9556,11.505873,50.778,50.777958,0.0,674.3479,0.96884686,1.0042486,nan,3,0.0,0.0,0.0,0.0,0.0,0,0,0,0,0,1,1,0,1,0,0
124516205,12.0868,11.77684,49.6124,50.72616,0.0,688.4607,1.0,1.0,nan,3,0.0,0.0,0.0,0.0,0.0,0,0,0,0,0,1,1,0,1,0,0
125515166,12.218,11.9241,50.778,50.756863,0.0,702.53894,1.0,1.0,nan,3,0.0,0.0,0.0,0.0,0.0,0,0,0,0,0,1,1,0,1,0,0
126525167,11.562,11.889584,50.778,50.775303,0.0,716.785,1.0,1.0,nan,3,0.0,0.0,0.0,0.0,0.0,0,0,0,0,0,1,1,0,1,0,0
127525471,11.471799,11.642173,50.778,50.777683,0.0,730.8946,1.0,1.0,nan,3,0.0,0.0,0.0,0.0,0.0,0,0,0,0,0,1,1,0,1,0,0
128525171,11.4307995,11.44302,50.778,50.777958,0.0,744.99524,0.93950087,1.008284,nan,3,0.0,0.0,0.0,0.0,0.0,0,0,0,0,0,1,1,0,1,0,0
129525167,11.07,11.433443,50.778,50.777958,0.0,759.10034,0.93166167,1.0093675,nan,3,0.0,0.0,0.0,0.0,0.0,0,0,0,0,0,1,1,0,1,0,0
130525205,11.381599,11.499564,50.778,50.777958,0.0,773.2062,0.95820814,1.0057079,nan,3,0.0,0.0,0.0,0.0,0.0,0,0,0,0,0,1,1,0,1,0,0
131525215,11.7588,11.57683,50.778,50.777958,0.0,787.31146,0.98978096,1.0013897,nan,3,0.0,0.0,0.0,0.0,0.0,0,0,0,0,0,1,1,0,1,0,0
132536222,11.562,11.6278515,50.778,50.777958,0.0,801.57196,1.0,1.0,nan,3,0.0,0.0,0.0,0.0,0.0,0,0,0,0,0,1,1,0,1,0,0
133538279,12.054,11.786892,43.3876,49.491806,0.0,815.50446,1.0,1.0,nan,3,0.0,0.0,0.0,0.0,0.0,0,0,0,0,0,1,1,0,1,0,0
134535167,11.4964,11.931935,50.778,47.947117,0.0,828.26776,1.0,1.0,nan,3,0.0,0.0,0.0,0.0,0.0,0,0,0,0,0,1,1,0,1,0,0
135547053,11.693199,11.835275,50.778,50.410122,0.0,842.54034,1.0,1.0,nan,3,0.0,0.0,0.0,0.0,0.0,0,0,0,0,0,1,1,0,1,0,0
136546056,11.8244,11.694475,50.778,50.72925,0.0,856.631,1.0,1.0,nan,3,0.0,0.0,0.0,0.0,0.0,0,0,0,0,0,1,1,0,1,0,0
137545378,11.184799,11.513954,50.778,50.771584,0.0,870.7268,0.96214014,1.0051681,nan,3,0.0,0.0,0.0,0.0,0.0,0,0,0,0,0,1,1,0,1,0,0
138548264,11.275,11.3219795,50.778,50.777195,0.0,884.87274,0.8778787,1.0168641,nan,3,0.0,0.0,0.0,0.0,0.0,0,0,0,0,0,1,1,0,1,0,0
139555749,11.8244,11.34083,50.778,50.777946,0.0,899.08325,0.8881646,1.0154217,nan,3,0.0,0.0,0.0,0.0,0.0,0,0,0,0,0,1,1,0,1,0,0
140555167,12.021199,11.770367,50.2076,44.53201,0.0,911.3517,1.0,1.0,nan,3,0.0,0.0,0.0,0.0,0.0,0,0,0,0,0,1,1,0,1,0,0
141556283,11.1684,11.67835,50.778,49.944645,0.0,925.46875,1.0,1.0,nan,3,0.0,0.0,0.0,0.0,0.0,0,0,0,0,0,1,1,0,1,0,0
142565171,11.4636,11.418842,50.778,50.66973,0.0,939.6991,0.9112912,1.0121938,nan,3,0.0,0.0,0.0,0.0,0.0,0,0,0,0,0,1,1,0,1,0,0
143567091,10.873199,11.257274,50.778,50.76369,0.0,953.83093,0.8475109,1.0211463,nan,3,0.0,0.0,0.0,0.0,0.0,0,0,0,0,0,1,1,0,1,0,0
144575169,11.234,11.378202,50.778,50.685604,0.0,967.9955,0.8975244,1.0141128,nan,3,0.0,0.0,0.0,0.0,0.0,0,0,0,0,0,1,1,0,1,0,0
145577141,11.102799,11.40529,50.778,50.765793,0.0,982.1282,0.9087954,1.0125412,nan,3,0.0,0.0,0.0,0.0,0.0,0,0,0,0,0,1,1,0,1,0,0
146576364,11.102799,11.417412,50.778,50.77643,0.0,996.2224,0.9122544,1.0120598,nan,3,0.0,0.0,0.0,0.0,0.0,0,0,0,0,0,1,1,0,1,0,0
147575166,11.07,11.371472,50.778,50.777824,0.0,1010.3106,0.89684016,1.0142084,nan,3,0.0,0.0,0.0,0.0,0.0,0,0,0,0,0,1,1,0,1,0,0
148576432,10.9716,11.257422,50.778,50.777958,0.0,1024.4336,0.84288365,1.021802,nan,3,0.0,0.0,0.0,0.0,0.0,0,0,0,0,0,1,1,0,1,0,0
149585234,11.152,11.159251,50.778,50.777958,0.0,1038.6624,0.79693705,1.0283585,nan,3,0.0,0.0,0.0,0.0,0.0,0,0,0,0,0,1,1,0,1,0,0
150585169,11.102799,11.139905,50.778,50.777958,0.0,1052.7666,0.7951365,1.0286171,nan,3,0.0,0.0,0.0,0.0,0.0,0,0,0,0,0,1,1,0,1,0,0
151585506,10.840401,11.058424,50.778,50.777958,0.0,1066.8756,0.7537871,1.034593,nan,3,0.0,0.0,0.0,0.0,0.0,0,0,0,0,0,1,1,0,1,0,0
152585206,10.9224,10.902369,50.778,50.777958,0.0,1080.976,0.685154,1.0446666,nan,3,0.0,0.0,0.0,0.0,0.0,0,0,0,0,0,1,1,0,1,0,0
153599054,10.873199,10.959441,50.778,50.777958,0.0,1095.2756,0.7091685,1.0411197,nan,3,0.0,0.0,0.0,0.0,0.0,0,0,0,0,0,1,1,0,1,0,0
154595167,10.8076,10.869161,50.778,50.777958,0.0,1109.3259,0.67417294,1.0462967,nan,3,0.0,0.0,0.0,0.0,0.0,0,0,0,0,0,1,1,0,1,0,0
155607404,10.512401,10.734341,50.778,50.777958,0.0,1123.6038,0.63175017,1.0526419,nan,3,0.0,0.0,0.0,0.0,0.0,0,0,0,0,0,1,1,0,1,0,0
156605167,12.1032,11.312101,38.4772,44.786095,0.0,1136.5563,0.85116583,1.020629,nan,3,0.0,0.0,0.0,0.0,0.0,0,0,0,0,0,1,1,0,1,0,0
157616456,11.594799,11.633956,50.778,48.30137,0.0,1149.8281,0.96453196,1.0048399,nan,3,0.0,0.0,0.0,0.0,0.0,0,0,0,0,0,1,1,0,1,0,0
158619286,11.1684,11.359857,50.778,50.449596,0.0,1163.9729,0.8618403,1.0191212,nan,3,0.0,0.0,0.0,0.0,0.0,0,0,0,0,0,1,1,0,1,0,0
159615767,11.250401,11.146883,50.778,50.73449,0.0,1178.0277,0.7802029,1.0307673,nan,3,0.0,0.0,0.0,0.0,0.0,0,0,0,0,0,1,1,0,1,0,0
160626064,10.938799,11.049371,50.778,50.77239,0.0,1192.2778,0.7408243,1.0364807,nan,3,0.0,0.0,0.0,0.0,0.0,0,0,0,0,0,1,1,0,1,0,0
161625166,11.2012,11.077881,50.778,50.777298,0.0,1206.3698,0.7520881,1.03484,nan,3,0.0,0.0,0.0,0.0,0.0,0,0,0,0,0,1,1,0,1,0,0
162625169,11.3324,11.040151,50.778,50.777958,0.0,1220.475,0.73767334,1.0369406,nan,3,0.0,0.0,0.0,0.0,0.0,0,0,0,0,0,1,1,0,1,0,0
163642085,10.512401,10.926878,50.778,50.777958,0.0,1234.8187,0.6912356,1.0437661,nan,3,0.0,0.0,0.0,0.0,0.0,0,0,0,0,0,1,1,0,1,0,0
164645320,11.0946,10.838658,50.778,50.777958,0.0,1248.969,0.66772944,1.0472555,nan,3,0.0,0.0,0.0,0.0,0.0,0,0,0,0,0,1,1,0,1,0,0
165645375,10.979799,10.842418,50.778,50.777958,0.0,1263.075,0.6575175,1.0487787,nan,3,0.0,0.0,0.0,0.0,0.0,0,0,0,0,0,1,1,0,1,0,0
166645166,10.6764,10.791213,50.778,50.777958,0.0,1277.1771,0.63906485,1.0515423,nan,3,0.0,0.0,0.0,0.0,0.0,0,0,0,0,0,1,1,0,1,0,0
167645336,10.774799,10.977054,50.778,50.777958,0.0,1291.2847,0.7097283,1.0410373,nan,3,0.0,0.0,0.0,0.0,0.0,0,0,0,0,0,1,1,0,1,0,0
168645174,11.7424,11.350101,43.065197,49.75436,0.0,1305.2357,0.8528901,1.0203851,nan,3,0.0,0.0,0.0,0.0,0.0,0,0,0,0,0,1,1,0,1,0,0
169645167,11.4307995,11.66241,50.778,45.596107,0.0,1317.2196,0.96898896,1.0042292,nan,3,0.0,0.0,0.0,0.0,0.0,0,0,0,0,0,1,1,0,1,0,0
170645167,11.250401,11.43193,50.778,50.09082,0.0,1331.3243,0.88604313,1.0157188,nan,3,0.0,0.0,0.0,0.0,0.0,0,0,0,0,0,1,1,0,1,0,0
171655762,11.316,11.410996,50.778,50.68873,0.0,1345.5785,0.8910938,1.0150118,nan,3,0.0,0.0,0.0,0.0,0.0,0,0,0,0,0,1,1,0,1,0,0
172655469,11.4636,11.406221,50.778,50.766205,0.0,1359.6794,0.8866587,1.0156326,nan,3,0.0,0.0,0.0,0.0,0.0,0,0,0,0,0,1,1,0,1,0,0
173657093,11.102799,11.331397,50.778,50.776478,0.0,1373.8066,0.8552156,1.0200564,nan,3,0.0,0.0,0.0,0.0,0.0,0,0,0,0,0,1,1,0,1,0,0
174665167,11.0044,11.252736,50.778,50.777832,0.0,1388.0248,0.8267427,1.0240958,nan,3,0.0,0.0,0.0,0.0,0.0,0,0,0,0,0,1,1,0,1,0,0
175666664,11.053599,11.087634,50.778,50.777958,0.0,1402.1511,0.75645214,1.0342058,nan,3,0.0,0.0,0.0,0.0,0.0,0,0,0,0,0,1,1,0,1,0,0
176675176,10.7912,10.897687,50.778,50.777958,0.0,1416.3757,0.67240006,1.0465603,nan,3,0.0,0.0,0.0,0.0,0.0,0,0,0,0,0,1,1,0,1,0,0
177675757,10.5944,10.781187,50.778,50.777958,0.0,1430.4891,0.6200848,1.0544001,nan,3,0.0,0.0,0.0,0.0,0.0,0,0,0,0,0,1,1,0,1,0,0
178676080,11.2996,10.997227,50.778,50.777958,0.0,1444.5986,0.7118283,1.0407283,nan,3,0.0,0.0,0.0,0.0,0.0,0,0,0,0,0,1,1,0,1,0,0
179675166,11.8244,11.380091,50.778,50.777958,0.0,1458.6907,0.85520893,1.0200574,nan,3,0.0,0.0,0.0,0.0,0.0,0,0,0,0,0,1,1,0,1,0,0
180675166,11.2996,11.353418,50.778,50.777958,0.0,1472.7955,0.846983,1.021221,nan,3,0.0,0.0,0.0,0.0,0.0,0,0,0,0,0,1,1,0,1,0,0
181675176,11.1192,11.220942,50.778,50.777958,0.0,1486.9008,0.79928833,1.0280209,nan,3,0.0,0.0,0.0,0.0,0.0,0,0,0,0,0,1,1,0,1,0,0
182685264,11.102799,11.128127,50.778,50.777958,0.0,1501.1484,0.76672274,1.032716,nan,3,0.0,0.0,0.0,0.0,0.0,0,0,0,0,0,1,1,0,1,0,0
183685167,10.8814,10.979739,50.778,50.777958,0.0,1515.2521,0.700697,1.0423682,nan,3,0.0,0.0,0.0,0.0,0.0,0,0,0,0,0,1,1,0,1,0,0
184685454,10.5944,10.910999,50.778,50.777958,0.0,1529.3608,0.67296463,1.0464764,nan,3,0.0,0.0,0.0,0.0,0.0,0,0,0,0,0,1,1,0,1,0,0
185685169,11.4307995,10.855867,50.778,50.777958,0.0,1543.4613,0.6499668,1.0499078,nan,3,0.0,0.0,0.0,0.0,0.0,0,0,0,0,0,1,1,0,1,0,0
186685748,10.5616,10.857515,50.778,50.777958,0.0,1557.5746,0.6458741,1.0505208,nan,3,0.0,0.0,0.0,0.0,0.0,0,0,0,0,0,1,1,0,1,0,0
187686245,10.610799,10.752861,50.778,50.777958,0.0,1571.687,0.59962565,1.0574981,nan,3,0.0,0.0,0.0,0.0,0.0,0,0,0,0,0,1,1,0,1,0,0
188685167,10.938799,10.884477,50.778,50.777958,0.0,1585.7762,0.6520315,1.0495988,nan,3,0.0,0.0,0.0,0.0,0.0,0,0,0,0,0,1,1,0,1,0,0
189685166,11.6276,11.291007,50.654,50.614548,0.0,1599.853,0.8095127,1.0265557,nan,3,0.0,0.0,0.0,0.0,0.0,0,0,0,0,0,1,1,0,1,0,0
190685168,11.562,11.514419,50.778,50.46887,0.0,1613.7303,0.89874274,1.0139427,nan,3,0.0,0.0,0.0,0.0,0.0,0,0,0,0,0,1,1,0,1,0,0
191695166,11.2996,11.403291,50.778,50.737865,0.0,1627.9764,0.8655954,1.0185919,nan,3,0.0,0.0,0.0,0.0,0.0,0,0,0,0,0,1,1,0,1,0,0
192697095,11.2996,11.386321,50.778,50.772724,0.0,1642.1091,0.8608952,1.0192544,nan,3,0.0,0.0,0.0,0.0,0.0,0,0,0,0,0,1,1,0,1,0,0
193697774,11.234,11.364795,50.778,50.777344,0.0,1656.2234,0.8504968,1.0207237,nan,3,0.0,0.0,0.0,0.0,0.0,0,0,0,0,0,1,1,0,1,0,0
194696364,11.89,11.309324,50.778,50.777958,0.0,1670.308,0.82917076,1.02375,nan,3,0.0,0.0,0.0,0.0,0.0,0,0,0,0,0,1,1,0,1,0,0
195696078,11.4964,11.296361,50.778,50.777958,0.0,1684.409,0.8233295,1.0245821,nan,3,0.0,0.0,0.0,0.0,0.0,0,0,0,0,0,1,1,0,1,0,0
196695176,10.906,11.191103,50.778,50.777958,0.0,1698.5013,0.77892166,1.0309523,nan,3,0.0,0.0,0.0,0.0,0.0,0,0,0,0,0,1,1,0,1,0,0
197708006,11.4472,11.362124,50.778,50.777958,0.0,1712.7876,0.84898764,1.0209372,nan,3,0.0,0.0,0.0,0.0,0.0,0,0,0,0,0,1,1,0,1,0,0
198705989,11.102799,11.365064,50.778,50.777958,0.0,1726.8636,0.84103924,1.0220635,nan,3,0.0,0.0,0.0,0.0,0.0,0,0,0,0,0,1,1,0,1,0,0
199705398,11.0372,11.235885,50.778,50.777958,0.0,1740.9602,0.7942291,1.0287476,nan,3,0.0,0.0,0.0,0.0,0.0,0,0,0,0,0,1,1,0,1,0,0
200706993,11.2996,11.243136,50.778,50.777958,0.0,1755.0878,0.8017712,1.0276648,nan,3,0.0,0.0,0.0,0.0,0.0,0,0,0,0,0,1,1,0,1,0,0
201705372,11.4636,11.327428,50.778,50.777958,0.0,1769.1698,0.8335567,1.0231261,nan,3,0.0,0.0,0.0,0.0,0.0,0,0,0,0,0,1,1,0,1,0,0
202705205,11.4964,11.232112,50.778,50.777958,0.0,1783.2719,0.79740673,1.028291,nan,3,0.0,0.0,0.0,0.0,0.0,0,0,0,0,0,1,1,0,1,0,0
203715166,10.6435995,11.075618,50.778,50.777958,0.0,1797.517,0.7332235,1.0375907,nan,3,0.0,0.0,0.0,0.0,0.0,0,0,0,0,0,1,1,0,1,0,0
204715166,10.6435995,10.895252,50.778,50.777958,0.0,1811.6224,0.65264755,1.0495067,nan,3,0.0,0.0,0.0,0.0,0.0,0,0,0,0,0,1,1,0,1,0,0
205715968,10.906,11.258211,50.778,45.527176,0.0,1823.0669,0.7929073,1.0289376,nan,3,0.0,0.0,0.0,0.0,0.0,0,0,0,0,0,1,1,0,1,0,0
206715230,10.446799,10.885918,50.778,50.081676,0.0,1837.1611,0.6463519,1.0504493,nan,3,0.0,0.0,0.0,0.0,0.0,0,0,0,0,0,1,1,0,1,0,0
207725167,10.7092,10.877044,50.778,50.68755,0.0,1851.4061,0.64154536,1.05117,nan,3,0.0,0.0,0.0,0.0,0.0,0,0,0,0,0,1,1,0,1,0,0
208725166,11.1356,10.934903,50.778,50.76605,0.0,1865.5109,0.66322714,1.0479265,nan,3,0.0,0.0,0.0,0.0,0.0,0,0,0,0,0,1,1,0,1,0,0
209735431,10.856799,10.968788,50.778,50.776493,0.0,1879.7604,0.6707373,1.0468078,nan,3,0.0,0.0,0.0,0.0,0.0,0,0,0,0,0,1,1,0,1,0,0
210735169,11.078199,11.199149,50.778,50.514893,0.0,1893.773,0.76101404,1.0335436,nan,3,0.0,0.0,0.0,0.0,0.0,0,0,0,0,0,1,1,0,1,0,0
211735306,11.2012,11.282139,50.778,50.743153,0.0,1907.8799,0.7933846,1.0288689,nan,3,0.0,0.0,0.0,0.0,0.0,0,0,0,0,0,1,1,0,1,0,0
212735175,10.9142,11.229289,50.778,50.773426,0.0,1921.9829,0.7772756,1.0311899,nan,3,0.0,0.0,0.0,0.0,0.0,0,0,0,0,0,1,1,0,1,0,0
213745167,11.2996,11.227771,50.778,50.777447,0.0,1936.2286,0.78208786,1.0304955,nan,3,0.0,0.0,0.0,0.0,0.0,0,0,0,0,0,1,1,0,1,0,0
214745166,11.3324,11.200527,50.778,50.777958,0.0,1950.3329,0.77007014,1.0322315,nan,3,0.0,0.0,0.0,0.0,0.0,0,0,0,0,0,1,1,0,1,0,0
215746286,11.4964,11.21478,50.778,50.777958,0.0,1964.454,0.7793036,1.0308971,nan,3,0.0,0.0,0.0,0.0,0.0,0,0,0,0,0,1,1,0,1,0,0
216748452,11.2012,11.213434,50.778,50.777958,0.0,1978.5896,0.7768932,1.0312451,nan,3,0.0,0.0,0.0,0.0,0.0,0,0,0,0,0,1,1,0,1,0,0
217746304,11.0372,11.23246,50.778,50.777958,0.0,1992.6643,0.78722626,1.029755,nan,3,0.0,0.0,0.0,0.0,0.0,0,0,0,0,0,1,1,0,1,0,0
218746771,11.2996,11.111092,50.778,50.777958,0.0,2006.776,0.7317415,1.0378075,nan,3,0.0,0.0,0.0,0.0,0.0,0,0,0,0,0,1,1,0,1,0,0
219755457,11.4636,11.150739,50.778,50.777958,0.0,2021.0034,0.74679524,1.0356103,nan,3,0.0,0.0,0.0,0.0,0.0,0,0,0,0,0,1,1,0,1,0,0
220755180,11.4307995,11.25427,50.778,50.777958,0.0,2035.1041,0.7920833,1.029056,nan,3,0.0,0.0,0.0,0.0,0.0,0,0,0,0,0,1,1,0,1,0,0
221756167,10.906,11.294318,50.778,50.777958,0.0,2049.2227,0.8100534,1.0264783,nan,3,0.0,0.0,0.0,0.0,0.0,0,0,0,0,0,1,1,0,1,0,0
222755179,11.0372,11.29515,50.778,50.777958,0.0,2063.3152,0.8083287,1.026725,nan,3,0.0,0.0,0.0,0.0,0.0,0,0,0,0,0,1,1,0,1,0,0
223765406,11.1356,11.291267,50.778,50.777958,0.0,2077.565,0.80514866,1.0271806,nan,3,0.0,0.0,0.0,0.0,0.0,0,0,0,0,0,1,1,0,1,0,0
224765167,11.693199,11.411055,50.778,50.777958,0.0,2091.668,0.8530889,1.020357,nan,3,0.0,0.0,0.0,0.0,0.0,0,0,0,0,0,1,1,0,1,0,0
225765398,11.398,11.444764,50.778,50.777958,0.0,2105.7783,0.86381775,1.0188423,nan,3,0.0,0.0,0.0,0.0,0.0,0,0,0,0,0,1,1,0,1,0,0
226765169,11.365199,11.457374,50.778,50.777958,0.0,2119.8801,0.8679362,1.0182621,nan,3,0.0,0.0,0.0,0.0,0.0,0,0,0,0,0,1,1,0,1,0,0
227765167,11.1356,11.389803,50.778,50.777958,0.0,2133.9858,0.8427654,1.0218188,nan,3,0.0,0.0,0.0,0.0,0.0,0,0,0,0,0,1,1,0,1,0,0
228776460,11.102799,11.32612,50.778,50.777958,0.0,2148.2502,0.81752354,1.0254104,nan,3,0.0,0.0,0.0,0.0,0.0,0,0,0,0,0,1,1,0,1,0,0
229775166,11.7588,11.337421,50.778,50.777958,0.0,2162.3376,0.82918555,1.0237479,nan,3,0.0,0.0,0.0,0.0,0.0,0,0,0,0,0,1,1,0,1,0,0
230785292,11.234,11.205697,50.778,50.777958,0.0,2176.5876,0.7694321,1.0323238,nan,3,0.0,0.0,0.0,0.0,0.0,0,0,0,0,0,1,1,0,1,0,0
231787224,11.1684,11.246333,50.778,50.777958,0.0,2190.721,0.7854696,1.030008,nan,3,0.0,0.0,0.0,0.0,0.0,0,0,0,0,0,1,1,0,1,0,0
232785175,11.3324,11.316783,50.778,50.777958,0.0,2204.7988,0.8100286,1.0264817,nan,3,0.0,0.0,0.0,0.0,0.0,0,0,0,0,0,1,1,0,1,0,0
233785169,11.6276,11.380786,50.778,50.777958,0.0,2218.904,0.84220463,1.0218983,nan,3,0.0,0.0,0.0,0.0,0.0,0,0,0,0,0,1,1,0,1,0,0
234786824,11.2094,11.336233,50.778,50.777958,0.0,2233.033,0.81293684,1.0260658,nan,3,0.0,0.0,0.0,0.0,0.0,0,0,0,0,0,1,1,0,1,0,0
235785167,11.234,11.248174,50.778,50.777958,0.0,2247.1143,0.7810231,1.0306491,nan,3,0.0,0.0,0.0,0.0,0.0,0,0,0,0,0,1,1,0,1,0,0
236786951,10.947,11.151086,50.778,50.777958,0.0,2261.245,0.7466584,1.0356303,nan,3,0.0,0.0,0.0,0.0,0.0,0,0,0,0,0,1,1,0,1,0,0
237795387,11.1192,11.206455,50.778,50.777958,0.0,2275.469,0.77066284,1.0321457,nan,3,0.0,0.0,0.0,0.0,0.0,0,0,0,0,0,1,1,0,1,0,0
238795167,11.693199,11.421041,48.0748,50.589687,0.0,2289.4968,0.84591585,1.0213722,nan,3,0.0,0.0,0.0,0.0,0.0,0,0,0,0,0,1,1,0,1,0,0
239795379,11.4964,11.49163,50.778,50.695454,0.0,2303.5535,0.86836153,1.0182023,nan,3,0.0,0.0,0.0,0.0,0.0,0,0,0,0,0,1,1,0,1,0,0
240795166,11.1356,11.424939,50.778,50.75963,0.0,2317.648,0.8568116,1.019831,nan,3,0.0,0.0,0.0,0.0,0.0,0,0,0,0,0,1,1,0,1,0,0
241795182,11.562,11.334992,50.778,50.775608,0.0,2331.7546,0.8258167,1.0242276,nan,3,0.0,0.0,0.0,0.0,0.0,0,0,0,0,0,1,1,0,1,0,0
242805167,11.234,11.406249,50.778,49.999397,0.0,2345.35,0.8557721,1.0199778,nan,3,0.0,0.0,0.0,0.0,0.0,0,0,0,0,0,1,1,0,1,0,0
243809886,11.0044,11.356869,50.778,50.674786,0.0,2359.5222,0.8307958,1.0235188,nan,3,0.0,0.0,0.0,0.0,0.0,0,0,0,0,0,1,1,0,1,0,0
244805413,11.3324,11.176352,50.778,50.76435,0.0,2373.5657,0.7639709,1.0331148,nan,3,0.0,0.0,0.0,0.0,0.0,0,0,0,0,0,1,1,0,1,0,0
245805850,11.398,11.191649,50.778,50.776234,0.0,2387.678,0.76362187,1.0331653,nan,3,0.0,0.0,0.0,0.0,0.0,0,0,0,0,0,1,1,0,1,0,0
246805167,11.1684,11.272945,50.778,50.7778,0.0,2401.7747,0.7969833,1.0283519,nan,3,0.0,0.0,0.0,0.0,0.0,0,0,0,0,0,1,1,0,1,0,0
247805167,11.3324,11.437618,50.778,50.59353,0.0,2415.8271,0.8615723,1.019159,nan,3,0.0,0.0,0.0,0.0,0.0,0,0,0,0,0,1,1,0,1,0,0
248815167,11.365199,11.469574,50.778,50.75407,0.0,2430.075,0.87473017,1.0173063,nan,3,0.0,0.0,0.0,0.0,0.0,0,0,0,0,0,1,1,0,1,0,0
249815170,11.184799,11.46236,50.778,50.77487,0.0,2444.1802,0.8675447,1.0183172,nan,3,0.0,0.0,0.0,0.0,0.0,0,0,0,0,0,1,1,0,1,0,0
250816344,11.398,11.427043,50.778,50.777622,0.0,2458.303,0.85434014,1.0201801,nan,3,0.0,0.0,0.0,0.0,0.0,0,0,0,0,0,1,1,0,1,0,0
251815166,11.2012,11.430148,50.778,50.777958,0.0,2472.3909,0.8542138,1.020198,nan,3,0.0,0.0,0.0,0.0,0.0,0,0,0,0,0,1,1,0,1,0,0
252815387,11.4307995,11.444329,50.778,50.777958,0.0,2486.4995,0.85890824,1.019535,nan,3,0.0,0.0,0.0,0.0,0.0,0,0,0,0,0,1,1,0,1,0,0
253815182,11.512799,11.384873,50.778,50.777958,0.0,2500.603,0.83396775,1.0230677,nan,3,0.0,0.0,0.0,0.0,0.0,0,0,0,0,0,1,1,0,1,0,0
254815467,11.6604,11.426233,50.778,50.777958,0.0,2514.7126,0.85243374,1.0204496,nan,3,0.0,0.0,0.0,0.0,0.0,0,0,0,0,0,1,1,0,1,0,0
255815166,11.053599,11.403039,50.778,50.777958,0.0,2528.8145,0.8453589,1.0214511,nan,3,0.0,0.0,0.0,0.0,0.0,0,0,0,0,0,1,1,0,1,0,0
256815169,11.6276,11.440855,50.778,50.777958,0.0,2542.9194,0.86302096,1.0189548,nan,3,0.0,0.0,0.0,0.0,0.0,0,0,0,0,0,1,1,0,1,0,0
257815171,11.5538,11.479762,50.778,50.777958,0.0,2557.0264,0.87380606,1.0174363,nan,3,0.0,0.0,0.0,0.0,0.0,0,0,0,0,0,1,1,0,1,0,0
258825224,11.381599,11.500813,50.778,50.777958,0.0,2571.2751,0.885747,1.0157604,nan,3,0.0,0.0,0.0,0.0,0.0,0,0,0,0,0,1,1,0,1,0,0
259825167,11.4307995,11.454706,50.778,50.777958,0.0,2585.3806,0.86749846,1.0183238,nan,3,0.0,0.0,0.0,0.0,0.0,0,0,0,0,0,1,1,0,1,0,0
260827073,11.1684,11.3573065,50.778,50.777958,0.0,2599.5127,0.8270822,1.0240474,nan,3,0.0,0.0,0.0,0.0,0.0,0,0,0,0,0,1,1,0,1,0,0
261825169,11.4964,11.401816,50.778,50.777958,0.0,2613.593,0.84632736,1.0213139,nan,3,0.0,0.0,0.0,0.0,0.0,0,0,0,0,0,1,1,0,1,0,0
262835167,11.1684,11.484154,50.778,50.777958,0.0,2627.8406,0.8800002,1.0165663,nan,3,0.0,0.0,0.0,0.0,0.0,0,0,0,0,0,1,1,0,1,0,0
263835172,11.693199,11.542774,50.778,50.72154,0.0,2641.9265,0.90171295,1.0135282,nan,3,0.0,0.0,0.0,0.0,0.0,0,0,0,0,0,1,1,0,1,0,0
264847099,11.2914,11.532844,50.778,50.770702,0.0,2656.2012,0.8944221,1.0145463,nan,3,0.0,0.0,0.0,0.0,0.0,0,0,0,0,0,1,1,0,1,0,0
265845169,11.4307995,11.532718,50.778,50.777077,0.0,2670.28,0.8945437,1.0145293,nan,3,0.0,0.0,0.0,0.0,0.0,0,0,0,0,0,1,1,0,1,0,0
266857159,11.4307995,11.501779,50.778,50.777924,0.0,2684.5552,0.8813315,1.0163795,nan,3,0.0,0.0,0.0,0.0,0.0,0,0,0,0,0,1,1,0,1,0,0
267855181,11.4307995,11.493084,50.778,50.777958,0.0,2698.6343,0.8787766,1.0167379,nan,3,0.0,0.0,0.0,0.0,0.0,0,0,0,0,0,1,1,0,1,0,0
268856204,11.578401,11.473927,50.778,50.777958,0.0,2712.755,0.8704367,1.0179101,nan,3,0.0,0.0,0.0,0.0,0.0,0,0,0,0,0,1,1,0,1,0,0
269856945,11.578401,11.476863,50.778,50.777958,0.0,2726.8726,0.86797434,1.0182568,nan,3,0.0,0.0,0.0,0.0,0.0,0,0,0,0,0,1,1,0,1,0,0
270855948,11.4307995,11.464847,50.778,50.777958,0.0,2740.9653,0.86182314,1.0191237,nan,3,0.0,0.0,0.0,0.0,0.0,0,0,0,0,0,1,1,0,1,0,0
271856304,11.250401,11.40829,50.778,50.777958,0.0,2755.0762,0.84517676,1.021477,nan,3,0.0,0.0,0.0,0.0,0.0,0,0,0,0,0,1,1,0,1,0,0
272865384,11.4307995,11.421129,50.778,50.777958,0.0,2769.3098,0.85729843,1.0197623,nan,3,0.0,0.0,0.0,0.0,0.0,0,0,0,0,0,1,1,0,1,0,0
273865175,11.2012,11.366614,50.778,50.777958,0.0,2783.4124,0.8330298,1.023201,nan,3,0.0,0.0,0.0,0.0,0.0,0,0,0,0,0,1,1,0,1,0,0
274865449,11.562,11.3464575,50.778,50.777958,0.0,2797.5232,0.82453305,1.0244105,nan,3,0.0,0.0,0.0,0.0,0.0,0,0,0,0,0,1,1,0,1,0,0
275865999,11.562,11.332688,50.778,50.777958,0.0,2811.636,0.8172284,1.0254526,nan,3,0.0,0.0,0.0,0.0,0.0,0,0,0,0,0,1,1,0,1,0,0
276868153,11.2996,11.341078,50.778,50.777958,0.0,2825.7722,0.8191276,1.0251814,nan,3,0.0,0.0,0.0,0.0,0.0,0,0,0,0,0,1,1,0,1,0,0
277865172,11.381599,11.370827,50.778,50.777958,0.0,2839.8357,0.8318711,1.0233659,nan,3,0.0,0.0,0.0,0.0,0.0,0,0,0,0,0,1,1,0,1,0,0
278865167,11.234,11.393363,50.778,50.777958,0.0,2853.9417,0.83758503,1.0225538,nan,3,0.0,0.0,0.0,0.0,0.0,0,0,0,0,0,1,1,0,1,0,0
279865297,11.562,11.411003,50.778,50.777958,0.0,2868.0498,0.84817463,1.0210524,nan,3,0.0,0.0,0.0,0.0,0.0,0,0,0,0,0,1,1,0,1,0,0
280875167,11.3324,11.389705,50.778,50.777958,0.0,2882.2947,0.8340526,1.0230557,nan,3,0.0,0.0,0.0,0.0,0.0,0,0,0,0,0,1,1,0,1,0,0
281875166,11.4964,11.419975,50.778,50.777958,0.0,2896.4014,0.8467236,1.0212578,nan,3,0.0,0.0,0.0,0.0,0.0,0,0,0,0,0,1,1,0,1,0,0
282875174,11.316,11.414259,50.778,50.777958,0.0,2910.5073,0.839932,1.0222207,nan,3,0.0,0.0,0.0,0.0,0.0,0,0,0,0,0,1,1,0,1,0,0
283875169,11.4964,11.39147,50.778,50.777958,0.0,2924.6123,0.8340598,1.0230546,nan,3,0.0,0.0,0.0,0.0,0.0,0,0,0,0,0,1,1,0,1,0,0
284875166,11.365199,11.364982,50.778,50.777958,0.0,2938.7185,0.82372814,1.0245253,nan,3,0.0,0.0,0.0,0.0,0.0,0,0,0,0,0,1,1,0,1,0,0
285875193,11.512799,11.336351,50.778,50.777958,0.0,2952.8247,0.8144117,1.0258551,nan,3,0.0,0.0,0.0,0.0,0.0,0,0,0,0,0,1,1,0,1,0,0
286887390,11.4307995,11.29418,50.778,50.777958,0.0,2967.1023,0.79609734,1.0284791,nan,3,0.0,0.0,0.0,0.0,0.0,0,0,0,0,0,1,1,0,1,0,0
287886154,11.234,11.302797,50.778,50.777958,0.0,2981.191,0.79773194,1.0282444,nan,3,0.0,0.0,0.0,0.0,0.0,0,0,0,0,0,1,1,0,1,0,0
288885166,11.4307995,11.365475,50.778,50.777958,0.0,2995.282,0.82355267,1.0245503,nan,3,0.0,0.0,0.0,0.0,0.0,0,0,0,0,0,1,1,0,1,0,0
289885167,11.365199,11.385647,50.778,50.777958,0.0,3009.3894,0.83022887,1.0235995,nan,3,0.0,0.0,0.0,0.0,0.0,0,0,0,0,0,1,1,0,1,0,0
290895166,11.1684,11.3677025,50.778,50.777958,0.0,3023.6365,0.8225418,1.0246944,nan,3,0.0,0.0,0.0,0.0,0.0,0,0,0,0,0,1,1,0,1,0,0
291895235,11.1192,11.344324,50.778,50.777958,0.0,3037.7444,0.8170534,1.0254776,nan,3,0.0,0.0,0.0,0.0,0.0,0,0,0,0,0,1,1,0,1,0,0
292895170,11.562,11.314222,50.778,50.777958,0.0,3051.848,0.80562884,1.0271118,nan,3,0.0,0.0,0.0,0.0,0.0,0,0,0,0,0,1,1,0,1,0,0
293907146,11.1684,11.292148,50.778,50.777958,0.0,3066.1238,0.79572827,1.0285321,nan,3,0.0,0.0,0.0,0.0,0.0,0,0,0,0,0,1,1,0,1,0,0
294907260,11.2996,11.367736,50.406,50.77052,0.0,3080.2292,0.82404095,1.0244807,nan,3,0.0,0.0,0.0,0.0,0.0,0,0,0,0,0,1,1,0,1,0,0
295905499,11.2996,11.423104,50.778,50.637497,0.0,3094.2197,0.8383022,1.022452,nan,3,0.0,0.0,0.0,0.0,0.0,0,0,0,0,0,1,1,0,1,0,0
296905167,11.2996,11.353772,50.778,50.759415,0.0,3108.321,0.8113938,1.0262865,nan,3,0.0,0.0,0.0,0.0,0.0,0,0,0,0,0,1,1,0,1,0,0
297915335,11.250401,11.32348,50.778,50.775627,0.0,3122.5703,0.8052135,1.0271713,nan,3,0.0,0.0,0.0,0.0,0.0,0,0,0,0,0,1,1,0,1,0,0
298915917,11.2996,11.339392,50.778,50.77773,0.0,3136.6836,0.8141504,1.0258924,nan,3,0.0,0.0,0.0,0.0,0.0,0,0,0,0,0,1,1,0,1,0,0
299916269,11.234,11.362107,50.778,50.777958,0.0,3150.7947,0.82600695,1.0242006,nan,3,0.0,0.0,0.0,0.0,0.0,0,0,0,0,0,1,1,0,1,0,0
300915166,11.1684,11.3384695,50.778,50.777958,0.0,3164.8835,0.81339794,1.0259999,nan,3,0.0,0.0,0.0,0.0,0.0,0,0,0,0,0,1,1,0,1,0,0
301915210,11.365199,11.314771,50.778,50.777958,0.0,3178.9907,0.80493695,1.0272108,nan,3,0.0,0.0,0.0,0.0,0.0,0,0,0,0,0,1,1,0,1,0,0
302915167,11.644,11.296374,50.778,50.777958,0.0,3193.0962,0.7945538,1.0287008,nan,3,0.0,0.0,0.0,0.0,0.0,0,0,0,0,0,1,1,0,1,0,0
303915396,11.4307995,11.344309,50.778,50.777958,0.0,3207.2053,0.8137217,1.0259535,nan,3,0.0,0.0,0.0,0.0,0.0,0,0,0,0,0,1,1,0,1,0,0
304915166,11.3488,11.361282,50.778,50.777958,0.0,3221.3071,0.8182717,1.0253036,nan,3,0.0,0.0,0.0,0.0,0.0,0,0,0,0,0,1,1,0,1,0,0
305925704,11.1684,11.37264,50.778,50.777958,0.0,3235.5613,0.821333,1.0248668,nan,3,0.0,0.0,0.0,0.0,0.0,0,0,0,0,0,1,1,0,1,0,0
306925169,10.9716,11.343797,50.778,50.777958,0.0,3249.661,0.8112822,1.0263025,nan,3,0.0,0.0,0.0,0.0,0.0,0,0,0,0,0,1,1,0,1,0,0
307925441,11.644,11.276693,50.778,50.777958,0.0,3263.7708,0.7877527,1.0296792,nan,3,0.0,0.0,0.0,0.0,0.0,0,0,0,0,0,1,1,0,1,0,0
308925167,11.4964,11.231982,50.778,50.777958,0.0,3277.8735,0.76456505,1.0330286,nan,3,0.0,0.0,0.0,0.0,0.0,0,0,0,0,0,1,1,0,1,0,0
309925167,10.906,11.235179,50.778,50.777958,0.0,3291.9797,0.76493555,1.032975,nan,3,0.0,0.0,0.0,0.0,0.0,0,0,0,0,0,1,1,0,1,0,0
310925167,11.2996,11.2248535,50.778,50.777958,0.0,3306.0862,0.75908667,1.0338233,nan,3,0.0,0.0,0.0,0.0,0.0,0,0,0,0,0,1,1,0,1,0,0
311925167,11.4636,11.33732,50.778,50.566933,0.0,3320.1545,0.7981811,1.0281799,nan,3,0.0,0.0,0.0,0.0,0.0,0,0,0,0,0,1,1,0,1,0,0
312935400,11.2012,11.365583,50.778,50.742146,0.0,3334.3965,0.80902964,1.0266247,nan,3,0.0,0.0,0.0,0.0,0.0,0,0,0,0,0,1,1,0,1,0,0
313935167,11.693199,11.322295,50.778,50.773296,0.0,3348.5,0.795435,1.0285742,nan,3,0.0,0.0,0.0,0.0,0.0,0,0,0,0,0,1,1,0,1,0,0
314935424,11.1684,11.393947,50.778,50.725754,0.0,3362.591,0.81869704,1.0252429,nan,3,0.0,0.0,0.0,0.0,0.0,0,0,0,0,0,1,1,0,1,0,0
315935197,10.947,11.336961,50.778,50.771107,0.0,3376.6936,0.79604393,1.0284867,nan,3,0.0,0.0,0.0,0.0,0.0,0,0,0,0,0,1,1,0,1,0,0
316935220,11.3324,11.3635,50.778,50.77713,0.0,3390.7998,0.80831486,1.0267271,nan,3,0.0,0.0,0.0,0.0,0.0,0,0,0,0,0,1,1,0,1,0,0
317935187,11.184799,11.36717,50.778,50.77793,0.0,3404.907,0.8120485,1.0261928,nan,3,0.0,0.0,0.0,0.0,0.0,0,0,0,0,0,1,1,0,1,0,0
318935171,11.365199,11.3815365,50.778,50.777958,0.0,3419.0134,0.81774575,1.0253787,nan,3,0.0,0.0,0.0,0.0,0.0,0,0,0,0,0,1,1,0,1,0,0
319935166,11.234,11.391106,50.778,50.777958,0.0,3433.119,0.81735855,1.025434,nan,3,0.0,0.0,0.0,0.0,0.0,0,0,0,0,0,1,1,0,1,0,0
320935170,11.4472,11.405879,50.778,50.777958,0.0,3447.2253,0.8263708,1.0241487,nan,3,0.0,0.0,0.0,0.0,0.0,0,0,0,0,0,1,1,0,1,0,0
321935175,11.398,11.399203,50.778,50.777958,0.0,3461.3313,0.8250223,1.0243409,nan,3,0.0,0.0,0.0,0.0,0.0,0,0,0,0,0,1,1,0,1,0,0
322945399,11.4472,11.372611,50.778,50.777958,0.0,3475.5823,0.812285,1.026159,nan,3,0.0,0.0,0.0,0.0,0.0,0,0,0,0,0,1,1,0,1,0,0
323945216,11.4472,11.343578,50.778,50.777958,0.0,3489.685,0.7991772,1.0280368,nan,3,0.0,0.0,0.0,0.0,0.0,0,0,0,0,0,1,1,0,1,0,0
324945167,11.398,11.289189,50.778,50.777958,0.0,3503.79,0.77889353,1.0309563,nan,3,0.0,0.0,0.0,0.0,0.0,0,0,0,0,0,1,1,0,1,0,0
325955167,11.1356,11.261697,50.778,50.777958,0.0,3518.0378,0.76852137,1.0324557,nan,3,0.0,0.0,0.0,0.0,0.0,0,0,0,0,0,1,1,0,1,0,0
326955166,11.1684,11.311411,50.778,50.777958,0.0,3532.1453,0.79234225,1.0290188,nan,3,0.0,0.0,0.0,0.0,0.0,0,0,0,0,0,1,1,0,1,0,0
327955167,11.0372,11.265869,50.778,50.777958,0.0,3546.2522,0.7714868,1.0320265,nan,3,0.0,0.0,0.0,0.0,0.0,0,0,0,0,0,1,1,0,1,0,0
328957283,11.2996,11.219771,50.778,50.777958,0.0,3560.3867,0.75215966,1.0348296,nan,3,0.0,0.0,0.0,0.0,0.0,0,0,0,0,0,1,1,0,1,0,0
329955170,11.4472,11.212694,50.778,50.777958,0.0,3574.4636,0.74820095,1.0354056,nan,3,0.0,0.0,0.0,0.0,0.0,0,0,0,0,0,1,1,0,1,0,0
330958903,11.562,11.226255,50.778,50.777958,0.0,3588.622,0.74876887,1.0353229,nan,3,0.0,0.0,0.0,0.0,0.0,0,0,0,0,0,1,1,0,1,0,0
331965405,11.644,11.300064,50.778,50.777958,0.0,3602.8203,0.7802053,1.030767,nan,3,0.0,0.0,0.0,0.0,0.0,0,0,0,0,0,1,1,0,1,0,0
332965167,11.4307995,11.326962,50.778,50.777958,0.0,3616.9226,0.7864271,1.0298702,nan,3,0.0,0.0,0.0,0.0,0.0,0,0,0,0,0,1,1,0,1,0,0
333965269,11.398,11.3511,50.778,50.777958,0.0,3631.0308,0.79702145,1.0283464,nan,3,0.0,0.0,0.0,0.0,0.0,0,0,0,0,0,1,1,0,1,0,0
334965268,11.578401,11.319635,50.778,50.777958,0.0,3645.1367,0.78133065,1.0306046,nan,3,0.0,0.0,0.0,0.0,0.0,0,0,0,0,0,1,1,0,1,0,0
335966129,11.562,11.334051,50.778,50.777958,0.0,3659.2559,0.79095274,1.0292186,nan,3,0.0,0.0,0.0,0.0,0.0,0,0,0,0,0,1,1,0,1,0,0
336965169,11.184799,11.304855,50.778,50.777958,0.0,3673.3474,0.7776242,1.0311396,nan,3,0.0,0.0,0.0,0.0,0.0,0,0,0,0,0,1,1,0,1,0,0
337965430,11.3324,11.295423,50.778,50.777958,0.0,3687.4575,0.773974,1.0316669,nan,3,0.0,0.0,0.0,0.0,0.0,0,0,0,0,0,1,1,0,1,0,0
338975166,11.2012,11.258846,50.778,50.777958,0.0,3701.701,0.7647658,1.0329995,nan,3,0.0,0.0,0.0,0.0,0.0,0,0,0,0,0,1,1,0,1,0,0
339975166,11.2996,11.235047,50.778,50.777958,0.0,3715.8074,0.755426,1.0343548,nan,3,0.0,0.0,0.0,0.0,0.0,0,0,0,0,0,1,1,0,1,0,0
340975169,11.2996,11.280655,50.778,50.777958,0.0,3729.9133,0.7656928,1.0328653,nan,3,0.0,0.0,0.0,0.0,0.0,0,0,0,0,0,1,1,0,1,0,0
341975169,11.3324,11.198303,50.778,50.777958,0.0,3744.0186,0.73358065,1.0375385,nan,3,0.0,0.0,0.0,0.0,0.0,0,0,0,0,0,1,1,0,1,0,0
342980826,11.2176,11.178159,50.778,50.777958,0.0,3758.2048,0.72948796,1.0381373,nan,3,0.0,0.0,0.0,0.0,0.0,0,0,0,0,0,1,1,0,1,0,0
343985177,11.1192,11.1418085,50.778,50.777958,0.0,3772.3716,0.7177654,1.0398557,nan,3,0.0,0.0,0.0,0.0,0.0,0,0,0,0,0,1,1,0,1,0,0
344985169,11.07,11.172099,50.778,50.777958,0.0,3786.478,0.7293206,1.0381618,nan,3,0.0,0.0,0.0,0.0,0.0,0,0,0,0,0,1,1,0,1,0,0
345985167,11.1684,11.22499,50.778,50.777958,0.0,3800.5842,0.7481399,1.0354146,nan,3,0.0,0.0,0.0,0.0,0.0,0,0,0,0,0,1,1,0,1,0,0
346985166,11.0372,11.241019,50.778,50.777958,0.0,3814.6904,0.7509013,1.0350126,nan,3,0.0,0.0,0.0,0.0,0.0,0,0,0,0,0,1,1,0,1,0,0
347985167,11.1684,11.260331,50.778,50.777958,0.0,3828.7961,0.7606273,1.0335996,nan,3,0.0,0.0,0.0,0.0,0.0,0,0,0,0,0,1,1,0,1,0,0
348985169,11.2996,11.2272415,50.778,50.777958,0.0,3842.9036,0.7451921,1.0358438,nan,3,0.0,0.0,0.0,0.0,0.0,0,0,0,0,0,1,1,0,1,0,0
349985169,11.102799,11.183451,50.778,50.777958,0.0,3857.0095,0.72668415,1.0385478,nan,3,0.0,0.0,0.0,0.0,0.0,0,0,0,0,0,1,1,0,1,0,0
350995198,11.053599,11.162729,50.778,50.777958,0.0,3871.257,0.71754605,1.039888,nan,3,0.0,0.0,0.0,0.0,0.0,0,0,0,0,0,1,1,0,1,0,0
351997207,11.1356,11.162817,50.778,50.777958,0.0,3885.3914,0.71987635,1.0395459,nan,3,0.0,0.0,0.0,0.0,0.0,0,0,0,0,0,1,1,0,1,0,0
352995167,11.2422,11.18639,50.778,50.777958,0.0,3899.469,0.73023945,1.0380273,nan,3,0.0,0.0,0.0,0.0,0.0,0,0,0,0,0,1,1,0,1,0,0
353995166,10.947,11.20438,50.778,50.777958,0.0,3913.576,0.7396665,1.0366497,nan,3,0.0,0.0,0.0,0.0,0.0,0,0,0,0,0,1,1,0,1,0,0
355006832,11.102799,11.153158,50.778,50.777958,0.0,3927.8464,0.7161847,1.0400879,nan,3,0.0,0.0,0.0,0.0,0.0,0,0,0,0,0,1,1,0,1,0,0
356005166,11.3324,11.191916,50.778,50.777958,0.0,3941.929,0.73118883,1.0378884,nan,3,0.0,0.0,0.0,0.0,0.0,0,0,0,0,0,1,1,0,1,0,0
357005172,11.3324,11.176698,50.778,50.777958,0.0,3956.0354,0.7168971,1.0399833,nan,3,0.0,0.0,0.0,0.0,0.0,0,0,0,0,0,1,1,0,1,0,0
358005201,11.1684,11.182358,50.778,50.777958,0.0,3970.142,0.72234637,1.0391835,nan,3,0.0,0.0,0.0,0.0,0.0,0,0,0,0,0,1,1,0,1,0,0
359005204,11.316,11.16966,50.778,50.777958,0.0,3984.2483,0.72123915,1.0393459,nan,3,0.0,0.0,0.0,0.0,0.0,0,0,0,0,0,1,1,0,1,0,0
360007396,11.2996,11.14544,50.778,50.777958,0.0,3998.3867,0.7078143,1.0413191,nan,3,0.0,0.0,0.0,0.0,0.0,0,0,0,0,0,1,1,0,1,0,0
361015193,10.873199,11.117559,50.778,50.777958,0.0,4012.6035,0.6954637,1.043141,nan,3,0.0,0.0,0.0,0.0,0.0,0,0,0,0,0,1,1,0,1,0,0
362015209,11.250401,11.14792,50.778,50.777958,0.0,4026.7114,0.7074452,1.0413734,nan,3,0.0,0.0,0.0,0.0,0.0,0,0,0,0,0,1,1,0,1,0,0
363015181,11.07,11.188553,50.778,50.777958,0.0,4040.8164,0.7217303,1.0392739,nan,3,0.0,0.0,0.0,0.0,0.0,0,0,0,0,0,1,1,0,1,0,0
364015166,11.4636,11.214814,50.778,50.777958,0.0,4054.9219,0.7389751,1.0367506,nan,3,0.0,0.0,0.0,0.0,0.0,0,0,0,0,0,1,1,0,1,0,0
365016291,11.07,11.181801,50.778,50.777958,0.0,4069.0444,0.72559744,1.0387069,nan,3,0.0,0.0,0.0,0.0,0.0,0,0,0,0,0,1,1,0,1,0,0
366015168,11.2012,11.15892,50.778,50.777958,0.0,4083.1345,0.7173205,1.039921,nan,3,0.0,0.0,0.0,0.0,0.0,0,0,0,0,0,1,1,0,1,0,0
367015421,11.07,11.145877,50.778,50.777958,0.0,4097.244,0.7093559,1.0410922,nan,3,0.0,0.0,0.0,0.0,0.0,0,0,0,0,0,1,1,0,1,0,0
369025410,11.1684,11.140964,50.778,50.777958,0.0,4125.597,0.7049065,1.0417475,nan,3,0.0,0.0,0.0,0.0,0.0,0,0,0,0,0,1,1,0,1,0,0
370026063,11.398,11.182841,50.778,50.777958,0.0,4139.7144,0.72210604,1.0392188,nan,3,0.0,0.0,0.0,0.0,0.0,0,0,0,0,0,1,1,0,1,0,0
371025174,11.1684,11.186482,50.778,50.777958,0.0,4153.8076,0.72311074,1.0390714,nan,3,0.0,0.0,0.0,0.0,0.0,0,0,0,0,0,1,1,0,1,0,0
372025166,11.234,11.188161,50.778,50.777958,0.0,4167.915,0.7260595,1.0386393,nan,3,0.0,0.0,0.0,0.0,0.0,0,0,0,0,0,1,1,0,1,0,0
373025191,11.275,11.130263,50.778,50.777958,0.0,4182.0215,0.7018443,1.0421989,nan,3,0.0,0.0,0.0,0.0,0.0,0,0,0,0,0,1,1,0,1,0,0
374035847,11.0372,11.104885,50.778,50.777958,0.0,4196.277,0.6926833,1.043552,nan,3,0.0,0.0,0.0,0.0,0.0,0,0,0,0,0,1,1,0,1,0,0
375035172,11.2012,11.093432,50.778,50.777958,0.0,4210.373,0.685947,1.0445492,nan,3,0.0,0.0,0.0,0.0,0.0,0,0,0,0,0,1,1,0,1,0,0
376035167,11.1684,11.079465,50.778,50.777958,0.0,4224.4775,0.6770125,1.0458747,nan,3,0.0,0.0,0.0,0.0,0.0,0,0,0,0,0,1,1,0,1,0,0
377035166,11.3488,11.136021,50.778,50.777958,0.0,4238.5835,0.6973167,1.0428672,nan,3,0.0,0.0,0.0,0.0,0.0,0,0,0,0,0,1,1,0,1,0,0
378038034,11.07,11.215807,50.778,50.70283,0.0,4252.709,0.7191058,1.039659,nan,3,0.0,0.0,0.0,0.0,0.0,0,0,0,0,0,1,1,0,1,0,0
379035166,11.2996,11.265288,50.778,50.762337,0.0,4266.773,0.73801905,1.0368901,nan,3,0.0,0.0,0.0,0.0,0.0,0,0,0,0,0,1,1,0,1,0,0
380035241,10.988,11.23815,50.778,50.775967,0.0,4280.8823,0.72896963,1.0382131,nan,3,0.0,0.0,0.0,0.0,0.0,0,0,0,0,0,1,1,0,1,0,0
381045494,11.2996,11.161471,50.778,50.77778,0.0,4295.134,0.70533186,1.0416847,nan,3,0.0,0.0,0.0,0.0,0.0,0,0,0,0,0,1,1,0,1,0,0
382045166,10.873199,11.137203,50.778,50.777958,0.0,4309.234,0.696868,1.0429335,nan,3,0.0,0.0,0.0,0.0,0.0,0,0,0,0,0,1,1,0,1,0,0
383045169,11.0372,11.159203,50.778,50.777958,0.0,4323.341,0.7058831,1.0416036,nan,3,0.0,0.0,0.0,0.0,0.0,0,0,0,0,0,1,1,0,1,0,0
384057087,11.184799,11.184396,50.778,50.777958,0.0,4337.6147,0.71432215,1.0403616,nan,3,0.0,0.0,0.0,0.0,0.0,0,0,0,0,0,1,1,0,1,0,0
385057830,11.07,11.16358,50.778,50.777958,0.0,4351.733,0.7064405,1.0415214,nan,3,0.0,0.0,0.0,0.0,0.0,0,0,0,0,0,1,1,0,1,0,0
386055166,11.398,11.0682535,50.778,50.777958,0.0,4365.8,0.6649199,1.0476742,nan,3,0.0,0.0,0.0,0.0,0.0,0,0,0,0,0,1,1,0,1,0,0
387055166,11.365199,11.157671,50.778,50.777958,0.0,4379.905,0.6996041,1.0425295,nan,3,0.0,0.0,0.0,0.0,0.0,0,0,0,0,0,1,1,0,1,0,0
388056167,11.102799,11.15476,50.778,50.777958,0.0,4394.0264,0.69750315,1.0428396,nan,3,0.0,0.0,0.0,0.0,0.0,0,0,0,0,0,1,1,0,1,0,0
389055169,11.398,11.173304,50.778,50.777958,0.0,4408.119,0.7047182,1.0417752,nan,3,0.0,0.0,0.0,0.0,0.0,0,0,0,0,0,1,1,0,1,0,0
390055166,11.2422,11.228172,50.778,50.585773,0.0,4422.197,0.72902304,1.0382053,nan,3,0.0,0.0,0.0,0.0,0.0,0,0,0,0,0,1,1,0,1,0,0
391065167,11.1192,11.249933,50.778,50.435608,0.0,4436.2627,0.7273341,1.0384525,nan,3,0.0,0.0,0.0,0.0,0.0,0,0,0,0,0,1,1,0,1,0,0
392065234,11.0372,11.173748,50.778,50.73264,0.0,4450.3696,0.70320326,1.0419985,nan,3,0.0,0.0,0.0,0.0,0.0,0,0,0,0,0,1,1,0,1,0,0
393065745,10.840401,11.066152,50.778,50.772022,0.0,4464.4834,0.65918976,1.0485289,nan,3,0.0,0.0,0.0,0.0,0.0,0,0,0,0,0,1,1,0,1,0,0
394065330,10.9716,11.057226,50.778,50.777252,0.0,4478.583,0.6593233,1.048509,nan,3,0.0,0.0,0.0,0.0,0.0,0,0,0,0,0,1,1,0,1,0,0
395065167,11.5046,11.143447,50.778,50.777958,0.0,4492.688,0.6960202,1.0430588,nan,3,0.0,0.0,0.0,0.0,0.0,0,0,0,0,0,1,1,0,1,0,0
396065440,11.184799,11.176451,50.778,50.777958,0.0,4506.798,0.7072745,1.0413985,nan,3,0.0,0.0,0.0,0.0,0.0,0,0,0,0,0,1,1,0,1,0,0
397075166,11.250401,11.175171,50.778,50.777958,0.0,4521.041,0.7049542,1.0417404,nan,3,0.0,0.0,0.0,0.0,0.0,0,0,0,0,0,1,1,0,1,0,0
398076135,10.938799,11.167946,50.778,50.777958,0.0,4535.163,0.69888455,1.0426357,nan,3,0.0,0.0,0.0,0.0,0.0,0,0,0,0,0,1,1,0,1,0,0
399087253,10.9224,11.164004,50.778,50.777958,0.0,4549.427,0.69643694,1.0429971,nan,3,0.0,0.0,0.0,0.0,0.0,0,0,0,0,0,1,1,0,1,0,0
400086344,11.234,11.165245,50.778,50.777958,0.0,4563.521,0.69837815,1.0427104,nan,3,0.0,0.0,0.0,0.0,0.0,0,0,0,0,0,1,1,0,1,0,0
401085429,11.4307995,11.137343,50.778,50.777958,0.0,4577.614,0.6875177,1.0443164,nan,3,0.0,0.0,0.0,0.0,0.0,0,0,0,0,0,1,1,0,1,0,0
402097667,11.4472,11.129253,50.778,50.777958,0.0,4591.894,0.6897369,1.0439879,nan,3,0.0,0.0,0.0,0.0,0.0,0,0,0,0,0,1,1,0,1,0,0
403095177,11.1684,11.205045,46.8844,50.57659,0.0,4605.937,0.718092,1.0398078,nan,3,0.0,0.0,0.0,0.0,0.0,0,0,0,0,0,1,1,0,1,0,0
404095233,11.398,11.162806,50.778,50.35137,0.0,4619.747,0.69663244,1.0429683,nan,3,0.0,0.0,0.0,0.0,0.0,0,0,0,0,0,1,1,0,1,0,0
405106850,10.906,11.086339,50.778,50.722603,0.0,4634.018,0.6766973,1.0459216,nan,3,0.0,0.0,0.0,0.0,0.0,0,0,0,0,0,1,1,0,1,0,0
406105169,10.947,10.9919195,50.778,50.770695,0.0,4648.1016,0.6330009,1.0524536,nan,3,0.0,0.0,0.0,0.0,0.0,0,0,0,0,0,1,1,0,1,0,0
407105166,10.9716,11.051099,50.778,50.777077,0.0,4662.2075,0.6563259,1.0489568,nan,3,0.0,0.0,0.0,0.0,0.0,0,0,0,0,0,1,1,0,1,0,0
408106066,11.3324,11.138235,50.778,50.77792,0.0,4676.325,0.68616015,1.0445176,nan,3,0.0,0.0,0.0,0.0,0.0,0,0,0,0,0,1,1,0,1,0,0
409115755,11.102799,11.158921,50.778,50.777958,0.0,4690.568,0.6935964,1.043417,nan,3,0.0,0.0,0.0,0.0,0.0,0,0,0,0,0,1,1,0,1,0,0
410115226,11.250401,11.189435,50.778,50.777958,0.0,4704.6665,0.71170145,1.040747,nan,3,0.0,0.0,0.0,0.0,0.0,0,0,0,0,0,1,1,0,1,0,0
411116341,11.053599,11.14922,50.778,50.777958,0.0,4718.789,0.6915427,1.0437207,nan,3,0.0,0.0,0.0,0.0,0.0,0,0,0,0,0,1,1,0,1,0,0
412115166,10.774799,11.13,50.778,50.777958,0.0,4732.8784,0.68519026,1.0446613,nan,3,0.0,0.0,0.0,0.0,0.0,0,0,0,0,0,1,1,0,1,0,0
413125173,10.9716,11.096711,50.778,50.777958,0.0,4747.1245,0.6729894,1.0464727,nan,3,0.0,0.0,0.0,0.0,0.0,0,0,0,0,0,1,1,0,1,0,0
414125174,11.0372,11.081792,50.778,50.777958,0.0,4761.231,0.66933304,1.0470167,nan,3,0.0,0.0,0.0,0.0,0.0,0,0,0,0,0,1,1,0,1,0,0
415125209,11.1192,11.069351,50.778,50.777958,0.0,4775.337,0.6640573,1.0478027,nan,3,0.0,0.0,0.0,0.0,0.0,0,0,0,0,0,1,1,0,1,0,0
416125213,10.840401,11.0356655,50.778,50.777958,0.0,4789.445,0.6509362,1.0497627,nan,3,0.0,0.0,0.0,0.0,0.0,0,0,0,0,0,1,1,0,1,0,0
417125295,10.906,11.019632,50.778,50.777958,0.0,4803.555,0.6384197,1.0516392,nan,3,0.0,0.0,0.0,0.0,0.0,0,0,0,0,0,1,1,0,1,0,0
418125212,10.9716,11.071407,50.778,50.777958,0.0,4817.661,0.6593552,1.0485042,nan,3,0.0,0.0,0.0,0.0,0.0,0,0,0,0,0,1,1,0,1,0,0
419135166,11.2012,11.1191635,50.778,50.777958,0.0,4831.91,0.6806336,1.0453371,nan,3,0.0,0.0,0.0,0.0,0.0,0,0,0,0,0,1,1,0,1,0,0
420135167,11.1192,11.09554,50.778,50.777958,0.0,4846.017,0.6674128,1.0473027,nan,3,0.0,0.0,0.0,0.0,0.0,0,0,0,0,0,1,1,0,1,0,0
421136031,11.0372,11.120346,50.778,50.777958,0.0,4860.1357,0.6861077,1.0445254,nan,3,0.0,0.0,0.0,0.0,0.0,0,0,0,0,0,1,1,0,1,0,0
422135166,11.0372,11.079125,50.778,50.777958,0.0,4874.2314,0.66577727,1.0475464,nan,3,0.0,0.0,0.0,0.0,0.0,0,0,0,0,0,1,1,0,1,0,0
423135167,11.1684,11.138082,50.6044,50.70669,0.0,4888.3257,0.68523985,1.044654,nan,3,0.0,0.0,0.0,0.0,0.0,0,0,0,0,0,1,1,0,1,0,0
424135166,10.840401,11.16966,50.778,50.74977,0.0,4902.4136,0.69285446,1.0435266,nan,3,0.0,0.0,0.0,0.0,0.0,0,0,0,0,0,1,1,0,1,0,0
425145167,10.906,11.060672,50.778,50.774384,0.0,4916.6597,0.6553326,1.0491052,nan,3,0.0,0.0,0.0,0.0,0.0,0,0,0,0,0,1,1,0,1,0,0
426148363,11.2176,11.060234,50.778,50.777565,0.0,4930.8086,0.65951544,1.0484803,nan,3,0.0,0.0,0.0,0.0,0.0,0,0,0,0,0,1,1,0,1,0,0
427147893,11.2996,10.968925,50.778,50.777958,0.0,4944.909,0.61228186,1.0555795,nan,3,0.0,0.0,0.0,0.0,0.0,0,0,0,0,0,1,1,0,1,0,0
428147136,11.316,10.97453,50.778,50.777958,0.0,4959.0044,0.6129418,1.0554796,nan,3,0.0,0.0,0.0,0.0,0.0,0,0,0,0,0,1,1,0,1,0,0
429146886,11.365199,10.9963665,50.778,50.777958,0.0,4973.108,0.62241703,1.0540481,nan,3,0.0,0.0,0.0,0.0,0.0,0,0,0,0,0,1,1,0,1,0,0
430155954,10.906,11.036974,50.778,50.777958,0.0,4987.344,0.64013296,1.051382,nan,3,0.0,0.0,0.0,0.0,0.0,0,0,0,0,0,1,1,0,1,0,0
431156818,10.906,11.057983,50.778,50.777958,0.0,5001.463,0.64785534,1.050224,nan,3,0.0,0.0,0.0,0.0,0.0,0,0,0,0,0,1,1,0,1,0,0
432155396,10.938799,11.06176,50.778,50.777958,0.0,5015.548,0.6536842,1.0493516,nan,3,0.0,0.0,0.0,0.0,0.0,0,0,0,0,0,1,1,0,1,0,0
433155178,10.9224,11.006332,50.778,50.777958,0.0,5029.651,0.62929016,1.0530121,nan,3,0.0,0.0,0.0,0.0,0.0,0,0,0,0,0,1,1,0,1,0,0
434156095,11.1356,11.009882,50.778,50.777958,0.0,5043.7695,0.6327377,1.0524932,nan,3,0.0,0.0,0.0,0.0,0.0,0,0,0,0,0,1,1,0,1,0,0
435166340,11.234,10.984931,50.778,50.777958,0.0,5058.021,0.6239553,1.0538161,nan,3,0.0,0.0,0.0,0.0,0.0,0,0,0,0,0,1,1,0,1,0,0
436165207,10.873199,10.915361,50.778,50.777958,0.0,5072.11,0.5929356,1.0585151,nan,3,0.0,0.0,0.0,0.0,0.0,0,0,0,0,0,1,1,0,1,0,0
437165181,10.5862,10.811717,50.778,50.777958,0.0,5086.2163,0.5480071,1.0653958,nan,3,0.0,0.0,0.0,0.0,0.0,0,0,0,0,0,1,1,0,1,0,0
438167114,11.053599,10.890513,50.778,50.777958,0.0,5100.351,0.5788637,1.0606606,nan,3,0.0,0.0,0.0,0.0,0.0,0,0,0,0,0,1,1,0,1,0,0
439165167,10.938799,11.012176,50.778,50.777958,0.0,5114.429,0.6224485,1.0540433,nan,3,0.0,0.0,0.0,0.0,0.0,0,0,0,0,0,1,1,0,1,0,0
440178466,10.774799,10.988157,50.778,50.777958,0.0,5128.727,0.6121488,1.0555997,nan,3,0.0,0.0,0.0,0.0,0.0,0,0,0,0,0,1,1,0,1,0,0
441175188,11.2012,11.004738,50.778,50.777958,0.0,5142.7876,0.62198216,1.0541137,nan,3,0.0,0.0,0.0,0.0,0.0,0,0,0,0,0,1,1,0,1,0,0
442186241,10.9142,11.082833,50.778,50.777958,0.0,5157.0503,0.6485711,1.0501168,nan,3,0.0,0.0,0.0,0.0,0.0,0,0,0,0,0,1,1,0,1,0,0
443185279,10.873199,11.079265,50.778,50.777958,0.0,5171.1436,0.6467572,1.0503885,nan,3,0.0,0.0,0.0,0.0,0.0,0,0,0,0,0,1,1,0,1,0,0
444185343,11.1684,11.066812,50.778,50.777958,0.0,5185.25,0.6446853,1.050699,nan,3,0.0,0.0,0.0,0.0,0.0,0,0,0,0,0,1,1,0,1,0,0
445185169,10.906,11.091997,50.778,50.777958,0.0,5199.353,0.6571432,1.0488346,nan,3,0.0,0.0,0.0,0.0,0.0,0,0,0,0,0,1,1,0,1,0,0
446186072,11.102799,11.041082,50.778,50.777958,0.0,5213.474,0.63668495,1.0518998,nan,3,0.0,0.0,0.0,0.0,0.0,0,0,0,0,0,1,1,0,1,0,0
447195229,11.1684,11.065387,50.778,50.777958,0.0,5227.71,0.64789444,1.0502181,nan,3,0.0,0.0,0.0,0.0,0.0,0,0,0,0,0,1,1,0,1,0,0
448195188,11.307799,11.061931,50.778,50.777958,0.0,5241.8145,0.64418703,1.0507737,nan,3,0.0,0.0,0.0,0.0,0.0,0,0,0,0,0,1,1,0,1,0,0
449195167,10.9224,10.9997635,50.778,50.777958,0.0,5255.9194,0.6206055,1.0543215,nan,3,0.0,0.0,0.0,0.0,0.0,0,0,0,0,0,1,1,0,1,0,0
450195167,10.6435995,10.965611,50.778,50.777958,0.0,5270.027,0.6061078,1.0565146,nan,3,0.0,0.0,0.0,0.0,0.0,0,0,0,0,0,1,1,0,1,0,0
451196180,11.0372,10.946398,50.778,50.777958,0.0,5284.147,0.59786564,1.0577655,nan,3,0.0,0.0,0.0,0.0,0.0,0,0,0,0,0,1,1,0,1,0,0
452197323,10.742,11.002529,50.778,50.777958,0.0,5298.269,0.6185346,1.0546342,nan,3,0.0,0.0,0.0,0.0,0.0,0,0,0,0,0,1,1,0,1,0,0
453205172,10.938799,11.012951,50.778,50.777958,0.0,5312.487,0.6204162,1.0543501,nan,3,0.0,0.0,0.0,0.0,0.0,0,0,0,0,0,1,1,0,1,0,0
454205167,11.102799,11.049594,50.778,50.777958,0.0,5326.595,0.6354132,1.0520909,nan,3,0.0,0.0,0.0,0.0,0.0,0,0,0,0,0,1,1,0,1,0,0
455205167,11.0372,11.042097,50.778,50.777958,0.0,5340.7007,0.6320258,1.0526004,nan,3,0.0,0.0,0.0,0.0,0.0,0,0,0,0,0,1,1,0,1,0,0
456206625,11.1356,11.076409,50.778,47.768326,0.0,5354.1724,0.6409374,1.0512612,nan,3,0.0,0.0,0.0,0.0,0.0,0,0,0,0,0,1,1,0,1,0,0
457205321,10.856799,11.089181,50.778,50.37889,0.0,5368.2593,0.6506644,1.0498034,nan,3,0.0,0.0,0.0,0.0,0.0,0,0,0,0,0,1,1,0,1,0,0
458205168,11.102799,11.104997,50.778,50.72513,0.0,5382.362,0.6563197,1.0489576,nan,3,0.0,0.0,0.0,0.0,0.0,0,0,0,0,0,1,1,0,1,0,0
459206051,10.947,11.083804,50.778,50.77103,0.0,5396.479,0.64956194,1.0499684,nan,3,0.0,0.0,0.0,0.0,0.0,0,0,0,0,0,1,1,0,1,0,0
460215166,11.0372,11.023674,50.778,50.777138,0.0,5410.7114,0.62859684,1.0531166,nan,3,0.0,0.0,0.0,0.0,0.0,0,0,0,0,0,1,1,0,1,0,0
461219083,10.988,11.00363,50.778,50.77793,0.0,5424.874,0.6200085,1.0544116,nan,3,0.0,0.0,0.0,0.0,0.0,0,0,0,0,0,1,1,0,1,0,0
462216492,10.9716,11.002601,50.778,50.777958,0.0,5438.9424,0.616231,1.0549823,nan,3,0.0,0.0,0.0,0.0,0.0,0,0,0,0,0,1,1,0,1,0,0
463215166,10.840401,11.028185,50.778,50.777958,0.0,5453.031,0.6273914,1.0532981,nan,3,0.0,0.0,0.0,0.0,0.0,0,0,0,0,0,1,1,0,1,0,0
464215332,11.102799,11.031329,50.778,50.777958,0.0,5467.139,0.6267553,1.053394,nan,3,0.0,0.0,0.0,0.0,0.0,0,0,0,0,0,1,1,0,1,0,0
465228505,10.840401,11.027352,50.778,50.777958,0.0,5481.433,0.6247025,1.0537034,nan,3,0.0,0.0,0.0,0.0,0.0,0,0,0,0,0,1,1,0,1,0,0
466225207,10.988,11.03273,50.778,50.777958,0.0,5495.492,0.62832695,1.0531572,nan,3,0.0,0.0,0.0,0.0,0.0,0,0,0,0,0,1,1,0,1,0,0
467235902,11.0372,11.003816,50.778,50.777958,0.0,5509.751,0.61422974,1.0552849,nan,3,0.0,0.0,0.0,0.0,0.0,0,0,0,0,0,1,1,0,1,0,0
468235518,10.6764,10.977403,50.778,50.777958,0.0,5523.853,0.60825497,1.0561892,nan,3,0.0,0.0,0.0,0.0,0.0,0,0,0,0,0,1,1,0,1,0,0
469235869,10.7912,10.97108,50.778,50.777958,0.0,5537.9644,0.6036487,1.0568875,nan,3,0.0,0.0,0.0,0.0,0.0,0,0,0,0,0,1,1,0,1,0,0
470246966,11.0372,11.026641,50.778,50.777958,0.0,5552.2266,0.6292196,1.0530227,nan,3,0.0,0.0,0.0,0.0,0.0,0,0,0,0,0,1,1,0,1,0,0
471245167,11.2996,11.055322,50.778,50.777958,0.0,5566.3086,0.6409722,1.051256,nan,3,0.0,0.0,0.0,0.0,0.0,0,0,0,0,0,1,1,0,1,0,0
472245654,11.0372,11.038978,50.778,50.777958,0.0,5580.423,0.6318045,1.0526336,nan,3,0.0,0.0,0.0,0.0,0.0,0,0,0,0,0,1,1,0,1,0,0
473245167,10.906,11.0535755,50.778,50.777958,0.0,5594.5254,0.6356121,1.0520611,nan,3,0.0,0.0,0.0,0.0,0.0,0,0,0,0,0,1,1,0,1,0,0
474245216,11.0372,11.044159,50.778,50.777958,0.0,5608.632,0.6292415,1.0530195,nan,3,0.0,0.0,0.0,0.0,0.0,0,0,0,0,0,1,1,0,1,0,0
475245297,11.234,11.039504,50.778,50.777958,0.0,5622.738,0.627729,1.0532472,nan,3,0.0,0.0,0.0,0.0,0.0,0,0,0,0,0,1,1,0,1,0,0
476245166,11.102799,11.030487,50.778,50.777958,0.0,5636.8423,0.62745625,1.0532883,nan,3,0.0,0.0,0.0,0.0,0.0,0,0,0,0,0,1,1,0,1,0,0
477245179,11.1684,11.057613,50.778,50.777958,0.0,5650.9473,0.6398931,1.051418,nan,3,0.0,0.0,0.0,0.0,0.0,0,0,0,0,0,1,1,0,1,0,0
478255907,11.0372,11.084934,50.778,50.777958,0.0,5665.2036,0.6479526,1.0502094,nan,3,0.0,0.0,0.0,0.0,0.0,0,0,0,0,0,1,1,0,1,0,0
479255166,11.0372,11.075755,50.778,50.777958,0.0,5679.3,0.646957,1.0503585,nan,3,0.0,0.0,0.0,0.0,0.0,0,0,0,0,0,1,1,0,1,0,0
480255166,10.988,10.992138,50.778,50.777958,0.0,5693.4053,0.6122108,1.0555903,nan,3,0.0,0.0,0.0,0.0,0.0,0,0,0,0,0,1,1,0,1,0,0
481255166,11.053599,10.917665,50.778,50.777958,0.0,5707.5117,0.5860577,1.0595627,nan,3,0.0,0.0,0.0,0.0,0.0,0,0,0,0,0,1,1,0,1,0,0
482255166,11.2996,10.930347,50.778,50.777958,0.0,5721.619,0.5848027,1.059754,nan,3,0.0,0.0,0.0,0.0,0.0,0,0,0,0,0,1,1,0,1,0,0
483265398,11.406199,10.977784,50.778,50.777958,0.0,5735.869,0.6041127,1.0568172,nan,3,0.0,0.0,0.0,0.0,0.0,0,0,0,0,0,1,1,0,1,0,0
484265169,10.906,11.00756,50.778,49.199726,0.0,5749.0913,0.6065884,1.0564418,nan,3,0.0,0.0,0.0,0.0,0.0,0,0,0,0,0,1,1,0,1,0,0
485265443,10.938799,11.063009,50.778,50.50598,0.0,5763.155,0.63114554,1.0527328,nan,3,0.0,0.0,0.0,0.0,0.0,0,0,0,0,0,1,1,0,1,0,0
486265169,10.9716,10.979424,50.778,50.741962,0.0,5777.2583,0.6032663,1.0569454,nan,3,0.0,0.0,0.0,0.0,0.0,0,0,0,0,0,1,1,0,1,0,0
487268226,10.578,11.00124,50.778,50.773266,0.0,5791.4087,0.61136013,1.055719,nan,3,0.0,0.0,0.0,0.0,0.0,0,0,0,0,0,1,1,0,1,0,0
488265167,11.3324,11.027857,50.778,50.39604,0.0,5805.389,0.6006456,1.0573432,nan,3,0.0,0.0,0.0,0.0,0.0,0,0,0,0,0,1,1,0,1,0,0
491278249,11.5292,11.174039,5.704,39.681557,0.0,5841.02,0.6023908,1.0570784,nan,3,0.0,0.0,0.0,0.0,0.0,0,0,0,0,0,1,1,0,1,0,0
492286508,11.1684,11.197671,50.778,36.69751,0.0,5850.7144,0.60728556,1.056336,nan,3,0.0,0.0,0.0,0.0,0.0,0,0,0,0,0,1,1,0,1,0,0
493286985,11.4307995,11.290345,7.192,24.502275,0.0,5857.946,0.6364303,1.051938,nan,3,0.0,0.0,0.0,0.0,0.0,0,0,0,0,0,1,1,0,1,0,0
494287311,11.644,11.39002,8.4196,15.86461,0.0,5864.057,0.6612373,1.0482234,nan,3,0.0,0.0,0.0,0.0,0.0,0,0,0,0,0,1,1,0,1,0,0
495285202,11.594799,11.503686,1.8848001,7.138982,0.0,5865.9453,0.6836429,1.0448906,nan,3,0.0,0.0,0.0,0.0,0.0,0,0,0,0,0,1,1,0,1,0,0
496285166,11.6604,11.571406,2.1451998,2.8345156,0.0,5866.55,0.67726284,1.0458375,nan,3,0.0,0.0,0.0,0.0,0.0,0,0,0,0,0,1,1,0,1,0,0
497286321,11.6604,11.602879,0.5084,1.7978438,0.0,5867.0776,0.6789785,1.0455828,nan,3,0.0,0.0,0.0,0.0,0.0,0,0,0,0,0,1,1,0,1,0,0
