timestamp,error_count,device_id,temperature,clipping[0],clipping[1],clipping[2],full_scale_range,vibration_metric,coning_vibration,measure_rate_hz,rotation
72402017,0,5505042,29.0,0,0,0,34.906586,5.435085e-05,3.0770386e-09,1000,0
73415813,0,5505042,29.0,0,0,0,34.906586,6.244729e-05,2.4353435e-09,1000,0
74424746,0,5505042,29.0,0,0,0,34.906586,9.858774e-05,4.5159587e-09,1000,0
75429793,0,5505042,29.0,0,0,0,34.906586,0.00016627718,1.2743945e-08,1000,0
77348824,0,5505042,29.0,0,0,0,34.906586,0.00045716227,2.611369e-07,1000,0
78359732,0,5505042,29.0,0,0,0,34.906586,0.00038221775,1.0549652e-07,1000,0
79367820,0,5505042,29.0,0,0,0,34.906586,0.00043626805,1.4598693e-07,1000,0
80376809,0,5505042,29.0,0,0,0,34.906586,0.0004521323,3.7999158e-07,1000,0
81386803,0,5505042,29.0,0,0,0,34.906586,0.00047469517,7.898004e-07,1000,0
82398804,0,5505042,29.0,0,0,0,34.906586,0.0004171606,4.6262312e-07,1000,0
83406734,0,5505042,29.0,0,0,0,34.906586,0.0005094011,4.4445756e-07,1000,0
84415809,0,5505042,29.0,0,0,0,34.906586,0.00031960613,1.6477357e-07,1000,0
85428843,0,5505042,29.0,0,0,0,34.906586,0.00034390573,1.3020708e-07,1000,0
86437821,0,5505042,29.0,0,0,0,34.906586,0.0003203866,1.0589349e-07,1000,0
87450818,0,5505042,29.0,0,0,0,34.906586,0.00036192732,4.6811132e-07,1000,0
88456965,0,5505042,29.0,0,0,0,34.906586,0.00045249192,9.2179846e-07,1000,0
89464914,0,5505042,29.0,0,0,0,34.906586,0.00041334913,5.4984343e-07,1000,0
90371832,0,5505042,29.0,0,0,0,34.906586,0.00033324258,1.5008573e-07,1000,0
91380717,0,5505042,29.0,0,0,0,34.906586,0.0003640141,2.960272e-07,1000,0
92392740,0,5505042,29.0,0,0,0,34.906586,0.0004050731,2.8022103e-07,1000,0
93404763,0,5505042,29.0,0,0,0,34.906586,0.00045165088,5.475771e-07,1000,0
94415743,0,5505042,29.0,0,0,0,34.906586,0.00046883133,8.241633e-07,1000,0
95423820,0,5505042,29.0,0,0,0,34.906586,0.0006346626,1.4028764e-06,1000,0
96433792,0,5505042,29.0,0,0,0,34.906586,0.0006006289,1.3460186e-06,1000,0
97444805,0,5505042,29.0,0,0,0,34.906586,0.00056571065,1.3346317e-06,1000,0
98448734,0,5505042,29.0,0,0,0,34.906586,0.0005539787,1.2065781e-06,1000,0
99458747,0,5505042,29.0,0,0,0,34.906586,0.00037067448,3.9869292e-07,1000,0
100467811,0,5505042,29.0,0,0,0,34.906586,0.0003430868,1.5170045e-07,1000,0
101479734,0,5505042,29.0,0,0,0,34.906586,0.00047436112,1.6200885e-07,1000,0
102489820,0,5505042,29.0,0,0,0,34.906586,0.00048405377,1.5720933e-07,1000,0
103406921,0,5505042,29.0,0,0,0,34.906586,0.00040467764,2.4534873e-07,1000,0
104416811,0,5505042,29.0,0,0,0,34.906586,0.0003791917,2.3984174e-07,1000,0
105431819,0,5505042,29.0,0,0,0,34.906586,0.00035970905,2.5987933e-07,1000,0
106446748,0,5505042,29.0,0,0,0,34.906586,0.00044366592,2.747254e-07,1000,0
107460811,0,5505042,29.0,0,0,0,34.906586,0.0005642172,1.4226101e-06,1000,0
108469754,0,5505042,29.0,0,0,0,34.906586,0.00048114965,1.075826e-06,1000,0
109481853,0,5505042,29.0,0,0,0,34.906586,0.00042350864,3.9184874e-07,1000,0
110491986,0,5505042,29.0,0,0,0,34.906586,0.0004488499,3.8907746e-07,1000,0
111501813,0,5505042,29.0,0,0,0,34.906586,0.00039807314,1.508931e-07,1000,0
112408732,0,5505042,29.0,0,0,0,34.906586,0.00038676508,9.557203e-08,1000,0
113423808,0,5505042,28.0,0,0,0,34.906586,0.00044544635,1.538124e-07,1000,0
114434803,0,5505042,29.0,0,0,0,34.906586,0.00066419767,1.8713163e-06,1000,0
115445827,0,5505042,28.0,0,0,0,34.906586,0.00096420635,4.3403434e-06,1000,0
116453939,0,5505042,28.0,0,0,0,34.906586,0.0007416172,1.5717762e-06,1000,0
117464743,0,5505042,28.0,0,0,0,34.906586,0.00069937966,1.976919e-06,1000,0
118473724,0,5505042,28.0,0,0,0,34.906586,0.00059188635,6.2613174e-07,1000,0
119486819,0,5505042,28.0,0,0,0,34.906586,0.00064546237,1.7060786e-06,1000,0
120499741,0,5505042,28.0,0,0,0,34.906586,0.00080853637,2.19632e-06,1000,0
123525825,0,5505042,27.0,0,0,0,34.906586,0.0006982113,2.395748e-06,1000,0
124439719,0,5505042,27.0,0,0,0,34.906586,0.00090658286,3.965096e-06,1000,0
125451010,0,5505042,27.0,0,0,0,34.906586,0.0009151769,3.474183e-06,1000,0
126463760,0,5505042,27.0,0,0,0,34.906586,0.00079660397,2.4485876e-06,1000,0
127475865,0,5505042,27.0,0,0,0,34.906586,0.00042402846,5.270479e-07,1000,0
128486837,0,5505042,27.0,0,0,0,34.906586,0.00061313517,1.3588757e-06,1000,0
129500834,0,5505042,27.0,0,0,0,34.906586,0.0004789157,8.1354654e-07,1000,0
130511839,0,5505042,27.0,0,0,0,34.906586,0.00050044985,6.2502687e-07,1000,0
131523761,0,5505042,27.0,0,0,0,34.906586,0.0006309298,1.5342802e-06,1000,0
132530730,0,5505042,27.0,0,0,0,34.906586,0.0006583722,1.7690425e-06,1000,0
133541827,0,5505042,27.0,0,0,0,34.906586,0.0006877721,2.0339382e-06,1000,0
134452817,0,5505042,27.0,0,0,0,34.906586,0.00063707976,1.8580184e-06,1000,0
135462723,0,5505042,26.0,0,0,0,34.906586,0.0005698227,7.1432487e-07,1000,0
136470744,0,5505042,27.0,0,0,0,34.906586,0.0004864568,7.679154e-07,1000,0
137477728,0,5505042,27.0,0,0,0,34.906586,0.0003685238,1.6667623e-07,1000,0
138484751,0,5505042,26.0,0,0,0,34.906586,0.00038239363,1.26165e-07,1000,0
139496889,0,5505042,26.0,0,0,0,34.906586,0.0007936778,3.0566382e-06,1000,0
140507827,0,5505042,26.0,0,0,0,34.906586,0.0011228382,5.7507978e-06,1000,0
141519812,0,5505042,26.0,0,0,0,34.906586,0.00088121474,2.6880007e-06,1000,0
142529771,0,5505042,26.0,0,0,0,34.906586,0.00036897842,4.296013e-07,1000,0
143540045,0,5505042,26.0,0,0,0,34.906586,0.0003375677,1.4533083e-07,1000,0
144552721,0,5505042,26.0,0,0,0,34.906586,0.0005596435,1.0224526e-06,1000,0
145561735,0,5505042,26.0,0,0,0,34.906586,0.0004415951,6.161553e-07,1000,0
146572986,0,5505042,26.0,0,0,0,34.906586,0.0005913894,1.0043818e-06,1000,0
147482722,0,5505042,26.0,0,0,0,34.906586,0.00043602337,3.7126603e-07,1000,0
148490721,0,5505042,25.0,0,0,0,34.906586,0.00046212436,2.6540334e-07,1000,0
149501828,0,5505042,25.0,0,0,0,34.906586,0.00041398525,1.3209291e-07,1000,0
150512840,0,5505042,25.0,0,0,0,34.906586,0.00047461697,1.2473268e-07,1000,0
151523727,0,5505042,25.0,0,0,0,34.906586,0.0004302334,1.5167781e-07,1000,0
152534817,0,5505042,25.0,0,0,0,34.906586,0.00047542882,4.0813813e-07,1000,0
153543790,0,5505042,25.0,0,0,0,34.906586,0.0004292932,2.6878402e-07,1000,0
154556716,0,5505042,24.0,0,0,0,34.906586,0.00040278488,1.4756534e-07,1000,0
155566719,0,5505042,24.0,0,0,0,34.906586,0.00045286558,5.3171976e-07,1000,0
156573838,0,5505042,24.0,0,0,0,34.906586,0.0013458271,6.4137766e-06,1000,0
157583746,0,5505042,24.0,0,0,0,34.906586,0.0012305167,5.7807847e-06,1000,0
158592750,0,5505042,24.0,0,0,0,34.906586,0.0006115926,1.4177434e-06,1000,0
159600724,0,5505042,24.0,0,0,0,34.906586,0.00046368907,8.8205337e-07,1000,0
160614815,0,5505042,24.0,0,0,0,34.906586,0.00053983595,1.0351271e-06,1000,0
161621813,0,5505042,24.0,0,0,0,34.906586,0.0005896642,1.3966817e-06,1000,0
162630753,0,5505042,24.0,0,0,0,34.906586,0.00043191895,3.116687e-07,1000,0
163641721,0,5505042,24.0,0,0,0,34.906586,0.0004940832,5.882659e-07,1000,0
164551836,0,5505042,24.0,0,0,0,34.906586,0.0004868918,3.7174027e-07,1000,0
165561864,0,5505042,23.0,0,0,0,34.906586,0.0004327113,1.589234e-07,1000,0
166571841,0,5505042,24.0,0,0,0,34.906586,0.0004108374,1.154039e-07,1000,0
167585819,0,5505042,23.0,0,0,0,34.906586,0.00058943493,5.736227e-07,1000,0
168590816,0,5505042,23.0,0,0,0,34.906586,0.0011997365,6.5944555e-06,1000,0
169604833,0,5505042,23.0,0,0,0,34.906586,0.0010563825,4.3699906e-06,1000,0
170615713,0,5505042,23.0,0,0,0,34.906586,0.00055232056,1.0507139e-06,1000,0
171623813,0,5505042,23.0,0,0,0,34.906586,0.00039530225,3.216326e-07,1000,0
172636735,0,5505042,23.0,0,0,0,34.906586,0.0004257019,1.5728499e-07,1000,0
173643831,0,5505042,23.0,0,0,0,34.906586,0.0004376067,1.3653924e-07,1000,0
174654727,0,5505042,23.0,0,0,0,34.906586,0.00042696975,1.106227e-07,1000,0
175665869,0,5505042,23.0,0,0,0,34.906586,0.00041837752,1.00766236e-07,1000,0
176673817,0,5505042,23.0,0,0,0,34.906586,0.00043875465,1.071436e-07,1000,0
177579748,0,5505042,23.0,0,0,0,34.906586,0.00045313456,2.2765184e-07,1000,0
178588761,0,5505042,23.0,0,0,0,34.906586,0.0008217422,2.6563716e-06,1000,0
179598750,0,5505042,23.0,0,0,0,34.906586,0.0011122933,4.621377e-06,1000,0
180608724,0,5505042,23.0,0,0,0,34.906586,0.00090766686,2.4900085e-06,1000,0
181621011,0,5505042,23.0,0,0,0,34.906586,0.0004234426,3.7086025e-07,1000,0
182629793,0,5505042,23.0,0,0,0,34.906586,0.00036314465,9.0684324e-08,1000,0
183634809,0,5505042,23.0,0,0,0,34.906586,0.00038053736,6.771615e-08,1000,0
184643798,0,5505042,23.0,0,0,0,34.906586,0.00046925753,1.03238946e-07,1000,0
185655822,0,5505042,22.0,0,0,0,34.906586,0.000579733,9.1522037e-07,1000,0
186665751,0,5505042,22.0,0,0,0,34.906586,0.0004999628,3.408384e-07,1000,0
187676714,0,5505042,22.0,0,0,0,34.906586,0.00044097606,4.5261083e-07,1000,0
188682728,0,5505042,22.0,0,0,0,34.906586,0.0006213018,1.3545206e-06,1000,0
189689817,0,5505042,22.0,0,0,0,34.906586,0.0011749825,4.7480135e-06,1000,0
190596795,0,5505042,22.0,0,0,0,34.906586,0.0008729554,3.195075e-06,1000,0
191606732,0,5505042,22.0,0,0,0,34.906586,0.00055463717,1.0014915e-06,1000,0
192614803,0,5505042,22.0,0,0,0,34.906586,0.0005050518,7.497645e-07,1000,0
193625767,0,5505042,23.0,0,0,0,34.906586,0.0006565121,1.1251542e-06,1000,0
194635845,0,5505042,22.0,0,0,0,34.906586,0.0006362052,1.0269534e-06,1000,0
195647790,0,5505042,22.0,0,0,0,34.906586,0.0004964637,3.5483464e-07,1000,0
196659817,0,5505042,22.0,0,0,0,34.906586,0.0004975721,5.65415e-07,1000,0
197667826,0,5505042,22.0,0,0,0,34.906586,0.00073848583,1.6012785e-06,1000,0
198675010,0,5505042,22.0,0,0,0,34.906586,0.0007271488,1.4328667e-06,1000,0
199682983,0,5505042,22.0,0,0,0,34.906586,0.00059451984,1.1249533e-06,1000,0
200690853,0,5505042,22.0,0,0,0,34.906586,0.00077262864,2.7701128e-06,1000,0
201697802,0,5505042,22.0,0,0,0,34.906586,0.00054757844,1.1925621e-06,1000,0
202707811,0,5505042,22.0,0,0,0,34.906586,0.00063342554,1.3199847e-06,1000,0
203717744,0,5505042,22.0,0,0,0,34.906586,0.00055781956,1.2349152e-06,1000,0
204627721,0,5505042,22.0,0,0,0,34.906586,0.0004744215,3.1100615e-07,1000,0
205636812,0,5505042,22.0,0,0,0,34.906586,0.0003553858,1.700955e-07,1000,0
206648743,0,5505042,22.0,0,0,0,34.906586,0.00053048116,7.914356e-07,1000,0
207659715,0,5505042,22.0,0,0,0,34.906586,0.0005412685,7.191285e-07,1000,0
208667813,0,5505042,22.0,0,0,0,34.906586,0.0005967054,8.18277e-07,1000,0
209675795,0,5505042,22.0,0,0,0,34.906586,0.00074680464,1.9879842e-06,1000,0
210684812,0,5505042,22.0,0,0,0,34.906586,0.0007847778,2.2168342e-06,1000,0
211692802,0,5505042,22.0,0,0,0,34.906586,0.00091054855,2.1759079e-06,1000,0
212699746,0,5505042,22.0,0,0,0,34.906586,0.0010581296,4.432958e-06,1000,0
213710823,0,5505042,22.0,0,0,0,34.906586,0.0008285638,2.6770006e-06,1000,0
214723802,0,5505042,22.0,0,0,0,34.906586,0.0005071985,1.0546503e-06,1000,0
215735732,0,5505042,22.0,0,0,0,34.906586,0.00050023705,4.0094284e-07,1000,0
216744809,0,5505042,22.0,0,0,0,34.906586,0.00060275354,5.7020804e-07,1000,0
217652844,0,5505042,22.0,0,0,0,34.906586,0.00082218606,2.0504735e-06,1000,0
218663731,0,5505042,22.0,0,0,0,34.906586,0.00079862744,2.8230124e-06,1000,0
219674943,0,5505042,22.0,0,0,0,34.906586,0.0008634092,3.331154e-06,1000,0
220682798,0,5505042,22.0,0,0,0,34.906586,0.0009304029,2.649765e-06,1000,0
221690852,0,5505042,22.0,0,0,0,34.906586,0.0008933327,1.2336311e-06,1000,0
222700969,0,5505042,22.0,0,0,0,34.906586,0.0006703081,7.490926e-07,1000,0
223711810,0,5505042,22.0,0,0,0,34.906586,0.00069001905,2.1853538e-07,1000,0
224722712,0,5505042,22.0,0,0,0,34.906586,0.0006427414,2.0455276e-07,1000,0
225733956,0,5505042,22.0,0,0,0,34.906586,0.0007556457,3.7393883e-07,1000,0
226743744,0,5505042,22.0,0,0,0,34.906586,0.00073566585,2.314329e-07,1000,0
227755730,0,5505042,22.0,0,0,0,34.906586,0.00066371483,2.3472268e-07,1000,0
228762820,0,5505042,22.0,0,0,0,34.906586,0.00066011125,1.6563992e-07,1000,0
229772832,0,5505042,22.0,0,0,0,34.906586,0.0005885456,1.5759386e-07,1000,0
230785763,0,5505042,22.0,0,0,0,34.906586,0.0007519122,2.189491e-06,1000,0
231691737,0,5505042,22.0,0,0,0,34.906586,0.0009485915,4.3732557e-06,1000,0
232702791,0,5505042,22.0,0,0,0,34.906586,0.0010676698,3.3416334e-06,1000,0
233714028,0,5505042,22.0,0,0,0,34.906586,0.0009509495,3.8145151e-06,1000,0
234723729,0,5505042,22.0,0,0,0,34.906586,0.0008344562,3.0622552e-06,1000,0
235729928,0,5505042,22.0,0,0,0,34.906586,0.00055079587,1.1586965e-06,1000,0
236743821,0,5505042,22.0,0,0,0,34.906586,0.0005690452,7.397011e-07,1000,0
237757845,0,5505042,22.0,0,0,0,34.906586,0.00070541725,2.1525752e-06,1000,0
238769746,0,5505042,22.0,0,0,0,34.906586,0.0016210965,1.2019819e-05,1000,0
239780793,0,5505042,22.0,0,0,0,34.906586,0.0011276816,3.7929667e-06,1000,0
240791762,0,5505042,22.0,0,0,0,34.906586,0.0006748115,1.4104766e-06,1000,0
241801766,0,5505042,22.0,0,0,0,34.906586,0.0005785563,5.204778e-07,1000,0
242708840,0,5505042,22.0,0,0,0,34.906586,0.0006088885,5.2354187e-07,1000,0
243719027,0,5505042,22.0,0,0,0,34.906586,0.0006003705,3.677238e-07,1000,0
244726988,0,5505042,22.0,0,0,0,34.906586,0.00050176214,1.9475772e-07,1000,0
245736800,0,5505042,22.0,0,0,0,34.906586,0.00049546384,1.4806984e-07,1000,0
246752811,0,5505042,22.0,0,0,0,34.906586,0.00057090534,1.3297534e-07,1000,0
247762747,0,5505042,22.0,0,0,0,34.906586,0.00040366166,1.05059364e-07,1000,0
248777792,0,5505042,22.0,0,0,0,34.906586,0.0005000568,9.130519e-07,1000,0
249784873,0,5505042,22.0,0,0,0,34.906586,0.00054530264,4.5835876e-07,1000,0
250794801,0,5505042,22.0,0,0,0,34.906586,0.0005098356,3.2432789e-07,1000,0
251806816,0,5505042,22.0,0,0,0,34.906586,0.0005475587,2.8540552e-07,1000,0
252813801,0,5505042,22.0,0,0,0,34.906586,0.0006030511,1.8736377e-07,1000,0
253822712,0,5505042,22.0,0,0,0,34.906586,0.0005443284,1.8150257e-07,1000,0
254832723,0,5505042,22.0,0,0,0,34.906586,0.00063864415,2.176137e-07,1000,0
255743796,0,5505042,22.0,0,0,0,34.906586,0.00059868896,1.5452646e-07,1000,0
256752754,0,5505042,22.0,0,0,0,34.906586,0.00061059085,1.3280933e-07,1000,0
257762743,0,5505042,22.0,0,0,0,34.906586,0.0006620933,2.234663e-07,1000,0
258772934,0,5505042,22.0,0,0,0,34.906586,0.0007145166,2.0803039e-07,1000,0
259786736,0,5505042,22.0,0,0,0,34.906586,0.0005864184,1.3548161e-07,1000,0
260794800,0,5505042,22.0,0,0,0,34.906586,0.0005741037,1.7827156e-07,1000,0
261802850,0,5505042,22.0,0,0,0,34.906586,0.00060178136,1.526205e-07,1000,0
262810811,0,5505042,22.0,0,0,0,34.906586,0.00065440417,1.8792016e-07,1000,0
263814960,0,5505042,22.0,0,0,0,34.906586,0.00070972403,2.3792211e-07,1000,0
264822846,0,5505042,22.0,0,0,0,34.906586,0.00063631014,1.8434595e-07,1000,0
265830816,0,5505042,22.0,0,0,0,34.906586,0.0007607482,2.3433752e-07,1000,0
266840828,0,5505042,22.0,0,0,0,34.906586,0.000761938,1.9450671e-07,1000,0
267849748,0,5505042,22.0,0,0,0,34.906586,0.0006844873,1.5350197e-07,1000,0
268859829,0,5505042,22.0,0,0,0,34.906586,0.0006987248,2.0289954e-07,1000,0
269869832,0,5505042,22.0,0,0,0,34.906586,0.0006463677,5.8378157e-07,1000,0
270878805,0,5505042,22.0,0,0,0,34.906586,0.0005723115,7.470182e-07,1000,0
271786002,0,5505042,23.0,0,0,0,34.906586,0.00074181857,2.1750511e-06,1000,0
272798727,0,5505042,23.0,0,0,0,34.906586,0.0008371343,2.4580286e-06,1000,0
273807798,0,5505042,22.0,0,0,0,34.906586,0.00093763723,2.9669484e-06,1000,0
274815803,0,5505042,23.0,0,0,0,34.906586,0.00087230804,2.0040616e-06,1000,0
275827799,0,5505042,23.0,0,0,0,34.906586,0.00086255354,5.630619e-07,1000,0
276840728,0,5505042,23.0,0,0,0,34.906586,0.0008422512,3.1149972e-07,1000,0
277851747,0,5505042,23.0,0,0,0,34.906586,0.00078868767,3.1230655e-07,1000,0
278862047,0,5505042,23.0,0,0,0,34.906586,0.0008015367,2.4014892e-07,1000,0
279877813,0,5505042,23.0,0,0,0,34.906586,0.00077460177,2.1288997e-07,1000,0
280886950,0,5505042,23.0,0,0,0,34.906586,0.0007602981,1.7956208e-07,1000,0
281896752,0,5505042,23.0,0,0,0,34.906586,0.00075578527,2.0180975e-07,1000,0
282803821,0,5505042,23.0,0,0,0,34.906586,0.0007504607,3.6018514e-07,1000,0
283812806,0,5505042,23.0,0,0,0,34.906586,0.00073182484,2.5382252e-07,1000,0
284827812,0,5505042,23.0,0,0,0,34.906586,0.00074600114,2.420231e-07,1000,0
285837729,0,5505042,23.0,0,0,0,34.906586,0.0008124223,1.9835652e-07,1000,0
286846835,0,5505042,23.0,0,0,0,34.906586,0.0007599341,1.847525e-07,1000,0
287856859,0,5505042,23.0,0,0,0,34.906586,0.00076952676,2.194233e-07,1000,0
288864738,0,5505042,23.0,0,0,0,34.906586,0.00076891656,1.5815742e-07,1000,0
289874952,0,5505042,23.0,0,0,0,34.906586,0.0007515804,2.7413964e-07,1000,0
290885838,0,5505042,23.0,0,0,0,34.906586,0.0007648767,1.7167157e-07,1000,0
291895819,0,5505042,23.0,0,0,0,34.906586,0.00079775834,6.7419626e-07,1000,0
292907951,0,5505042,23.0,0,0,0,34.906586,0.00077145366,1.5565175e-06,1000,0
293918748,0,5505042,23.0,0,0,0,34.906586,0.00075241807,2.220096e-06,1000,0
294826821,0,5505042,23.0,0,0,0,34.906586,0.0007240662,1.1238388e-06,1000,0
295840812,0,5505042,23.0,0,0,0,34.906586,0.0005723908,4.2478044e-07,1000,0
296853861,0,5505042,23.0,0,0,0,34.906586,0.0006690597,4.8031353e-07,1000,0
297864746,0,5505042,23.0,0,0,0,34.906586,0.00054745487,2.5979e-07,1000,0
298874744,0,5505042,23.0,0,0,0,34.906586,0.0005277617,2.0628731e-07,1000,0
299885729,0,5505042,24.0,0,0,0,34.906586,0.0006468058,2.5091828e-07,1000,0
300893772,0,5505042,23.0,0,0,0,34.906586,0.00062028994,2.1731078e-07,1000,0
301907762,0,5505042,23.0,0,0,0,34.906586,0.00061337114,1.3400063e-07,1000,0
302915809,0,5505042,24.0,0,0,0,34.906586,0.0006529946,1.4499531e-07,1000,0
303926811,0,5505042,24.0,0,0,0,34.906586,0.0007086581,1.340226e-07,1000,0
304934812,0,5505042,24.0,0,0,0,34.906586,0.00064755214,1.3814156e-07,1000,0
305945887,0,5505042,24.0,0,0,0,34.906586,0.000676106,1.6006364e-07,1000,0
306853718,0,5505042,24.0,0,0,0,34.906586,0.0006946243,6.1512594e-07,1000,0
307862748,0,5505042,24.0,0,0,0,34.906586,0.00071001466,1.3763247e-06,1000,0
308871820,0,5505042,23.0,0,0,0,34.906586,0.00070830033,2.1752637e-06,1000,0
309880750,0,5505042,24.0,0,0,0,34.906586,0.00060384977,9.2826525e-07,1000,0
310890829,0,5505042,24.0,0,0,0,34.906586,0.00057425594,3.1267732e-07,1000,0
311899824,0,5505042,23.0,0,0,0,34.906586,0.0005607155,2.711922e-07,1000,0
312909808,0,5505042,24.0,0,0,0,34.906586,0.000599806,2.3335231e-07,1000,0
313918748,0,5505042,24.0,0,0,0,34.906586,0.00057701004,1.8865508e-07,1000,0
314929825,0,5505042,24.0,0,0,0,34.906586,0.0006458442,2.6609308e-07,1000,0
315942734,0,5505042,24.0,0,0,0,34.906586,0.0005411801,1.9749683e-07,1000,0
316951828,0,5505042,24.0,0,0,0,34.906586,0.00067741936,2.1074827e-07,1000,0
317960026,0,5505042,23.0,0,0,0,34.906586,0.00065669406,1.4379239e-07,1000,0
318970821,0,5505042,23.0,0,0,0,34.906586,0.0006730679,1.5700171e-07,1000,0
319880960,0,5505042,23.0,0,0,0,34.906586,0.0007328562,2.9463737e-07,1000,0
320887742,0,5505042,23.0,0,0,0,34.906586,0.0006579256,1.8421366e-07,1000,0
321897817,0,5505042,23.0,0,0,0,34.906586,0.0006206046,1.8098908e-07,1000,0
322906747,0,5505042,23.0,0,0,0,34.906586,0.0006283252,1.5427013e-07,1000,0
323918721,0,5505042,23.0,0,0,0,34.906586,0.00063797215,1.6695837e-07,1000,0
324926727,0,5505042,23.0,0,0,0,34.906586,0.0005589769,1.5328047e-07,1000,0
325935836,0,5505042,23.0,0,0,0,34.906586,0.00060677,5.336623e-07,1000,0
326945879,0,5505042,23.0,0,0,0,34.906586,0.00063873467,9.4902504e-07,1000,0
327956021,0,5505042,23.0,0,0,0,34.906586,0.0008037719,2.513748e-06,1000,0
328969793,0,5505042,24.0,0,0,0,34.906586,0.0007749852,1.4659672e-06,1000,0
329977712,0,5505042,23.0,0,0,0,34.906586,0.0007509362,4.564766e-07,1000,0
330988984,0,5505042,24.0,0,0,0,34.906586,0.0007106423,2.290775e-07,1000,0
331998759,0,5505042,23.0,0,0,0,34.906586,0.0007004339,1.7533537e-07,1000,0
332905831,0,5505042,23.0,0,0,0,34.906586,0.000682105,2.1203901e-07,1000,0
333915832,0,5505042,24.0,0,0,0,34.906586,0.0006480259,2.3314006e-07,1000,0
334924736,0,5505042,23.0,0,0,0,34.906586,0.0007124825,3.3580892e-07,1000,0
335932716,0,5505042,24.0,0,0,0,34.906586,0.000673106,2.1238743e-07,1000,0
336944039,0,5505042,23.0,0,0,0,34.906586,0.0006432986,1.7952442e-07,1000,0
337951994,0,5505042,24.0,0,0,0,34.906586,0.0006590803,1.7959302e-07,1000,0
338961811,0,5505042,24.0,0,0,0,34.906586,0.00071808754,1.6358523e-07,1000,0
339970834,0,5505042,23.0,0,0,0,34.906586,0.00069405657,5.7691653e-07,1000,0
340977744,0,5505042,23.0,0,0,0,34.906586,0.00059024984,9.099316e-07,1000,0
341989714,0,5505042,24.0,0,0,0,34.906586,0.0008870199,2.8665454e-06,1000,0
343001825,0,5505042,24.0,0,0,0,34.906586,0.00085586106,1.8306874e-06,1000,0
344011834,0,5505042,24.0,0,0,0,34.906586,0.0008061922,5.892287e-07,1000,0
344921771,0,5505042,24.0,0,0,0,34.906586,0.00078241876,1.9001185e-07,1000,0
345932833,0,5505042,24.0,0,0,0,34.906586,0.0008037846,1.483415e-07,1000,0
346942761,0,5505042,24.0,0,0,0,34.906586,0.00080614863,1.5564984e-07,1000,0
347954854,0,5505042,24.0,0,0,0,34.906586,0.000832263,1.7409711e-07,1000,0
348964940,0,5505042,24.0,0,0,0,34.906586,0.0007534831,1.6770319e-07,1000,0
349970827,0,5505042,24.0,0,0,0,34.906586,0.00072017714,1.7386718e-07,1000,0
350978811,0,5505042,24.0,0,0,0,34.906586,0.0008182066,2.2874009e-07,1000,0
351989808,0,5505042,24.0,0,0,0,34.906586,0.0008123383,1.8775938e-07,1000,0
352997716,0,5505042,24.0,0,0,0,34.906586,0.000790236,2.542893e-07,1000,0
354007024,0,5505042,24.0,0,0,0,34.906586,0.0007861512,2.2715254e-07,1000,0
355016807,0,5505042,24.0,0,0,0,34.906586,0.0007706364,2.612522e-07,1000,0
356023792,0,5505042,24.0,0,0,0,34.906586,0.00076820614,1.7419227e-07,1000,0
356934732,0,5505042,24.0,0,0,0,34.906586,0.000800771,2.0262485e-07,1000,0
357942802,0,5505042,24.0,0,0,0,34.906586,0.00081285386,2.189682e-07,1000,0
358951909,0,5505042,24.0,0,0,0,34.906586,0.00081433466,8.579386e-07,1000,0
359962741,0,5505042,24.0,0,0,0,34.906586,0.0007436143,1.663895e-06,1000,0
360972745,0,5505042,24.0,0,0,0,34.906586,0.00068154134,2.0717548e-06,1000,0
361982770,0,5505042,24.0,0,0,0,34.906586,0.000661097,1.0210669e-06,1000,0
362991834,0,5505042,24.0,0,0,0,34.906586,0.0005370566,3.0984924e-07,1000,0
364000827,0,5505042,24.0,0,0,0,34.906586,0.00058583246,1.529652e-07,1000,0
365007810,0,5505042,24.0,0,0,0,34.906586,0.00064112624,1.3964464e-07,1000,0
366015801,0,5505042,24.0,0,0,0,34.906586,0.0005773446,1.3374319e-07,1000,0
367025714,0,5505042,24.0,0,0,0,34.906586,0.0007096829,1.3661139e-07,1000,0
369048715,0,5505042,24.0,0,0,0,34.906586,0.0007008816,1.4228677e-07,1000,0
369955858,0,5505042,24.0,0,0,0,34.906586,0.0006947039,1.5668788e-07,1000,0
370964813,0,5505042,24.0,0,0,0,34.906586,0.00071245944,1.6864728e-07,1000,0
371975724,0,5505042,24.0,0,0,0,34.906586,0.00079702964,6.2427665e-07,1000,0
372979722,0,5505042,24.0,0,0,0,34.906586,0.00067603996,8.9615224e-07,1000,0
373987836,0,5505042,24.0,0,0,0,34.906586,0.0007287206,2.04223e-06,1000,0
374997992,0,5505042,24.0,0,0,0,34.906586,0.00059925363,1.3097685e-06,1000,0
376009712,0,5505042,24.0,0,0,0,34.906586,0.00056422205,4.2292197e-07,1000,0
377021828,0,5505042,24.0,0,0,0,34.906586,0.0005991762,2.1827084e-07,1000,0
378029737,0,5505042,24.0,0,0,0,34.906586,0.00091014634,4.3932096e-07,1000,0
379040838,0,5505042,24.0,0,0,0,34.906586,0.0006975427,3.2714308e-07,1000,0
380048955,0,5505042,24.0,0,0,0,34.906586,0.000702946,2.659787e-07,1000,0
381060813,0,5505042,24.0,0,0,0,34.906586,0.0005591803,1.4139108e-07,1000,0
382070718,0,5505042,24.0,0,0,0,34.906586,0.0006044094,1.2746436e-07,1000,0
383079763,0,5505042,24.0,0,0,0,34.906586,0.00061843015,1.4745311e-07,1000,0
383986808,0,5505042,24.0,0,0,0,34.906586,0.00064885913,1.5651689e-07,1000,0
385000743,0,5505042,24.0,0,0,0,34.906586,0.00061082584,1.2365358e-07,1000,0
386007722,0,5505042,24.0,0,0,0,34.906586,0.00057343557,1.3320559e-07,1000,0
387015793,0,5505042,24.0,0,0,0,34.906586,0.00065755745,2.0110456e-07,1000,0
388024753,0,5505042,24.0,0,0,0,34.906586,0.0006807636,1.89661e-07,1000,0
389033793,0,5505042,24.0,0,0,0,34.906586,0.00065636646,2.5074291e-07,1000,0
390039716,0,5505042,24.0,0,0,0,34.906586,0.0006951205,7.627796e-07,1000,0
391049713,0,5505042,24.0,0,0,0,34.906586,0.00050781376,9.196816e-07,1000,0
392060852,0,5505042,24.0,0,0,0,34.906586,0.000783894,2.6340092e-06,1000,0
393069729,0,5505042,24.0,0,0,0,34.906586,0.00076387945,1.4939158e-06,1000,0
394078804,0,5505042,24.0,0,0,0,34.906586,0.0007927499,4.7102674e-07,1000,0
395088807,0,5505042,24.0,0,0,0,34.906586,0.00072134665,2.3496119e-07,1000,0
396100815,0,5505042,24.0,0,0,0,34.906586,0.0007183912,2.1081316e-07,1000,0
397011872,0,5505042,24.0,0,0,0,34.906586,0.0007164958,1.8718303e-07,1000,0
398017720,0,5505042,24.0,0,0,0,34.906586,0.00069337426,1.5993788e-07,1000,0
399026822,0,5505042,24.0,0,0,0,34.906586,0.00070795894,1.8178618e-07,1000,0
400037728,0,5505042,24.0,0,0,0,34.906586,0.0006769138,1.9817725e-07,1000,0
401047794,0,5505042,24.0,0,0,0,34.906586,0.00069420144,1.5128778e-07,1000,0
402054743,0,5505042,24.0,0,0,0,34.906586,0.0006834468,1.9542793e-07,1000,0
403061735,0,5505042,24.0,0,0,0,34.906586,0.000655004,6.534517e-07,1000,0
404071799,0,5505042,24.0,0,0,0,34.906586,0.0006659688,1.7118315e-06,1000,0
405079802,0,5505042,24.0,0,0,0,34.906586,0.00079913985,2.437341e-06,1000,0
406089726,0,5505042,24.0,0,0,0,34.906586,0.00073210604,1.1498227e-06,1000,0
407100813,0,5505042,24.0,0,0,0,34.906586,0.0007519573,4.803378e-07,1000,0
408112793,0,5505042,24.0,0,0,0,34.906586,0.0006869344,1.9902257e-07,1000,0
409123855,0,5505042,24.0,0,0,0,34.906586,0.00072914787,2.1736261e-07,1000,0
410135815,0,5505042,24.0,0,0,0,34.906586,0.0007227747,2.0616382e-07,1000,0
411144821,0,5505042,24.0,0,0,0,34.906586,0.00074098556,3.5860515e-07,1000,0
412052833,0,5505042,24.0,0,0,0,34.906586,0.00066253403,2.435255e-07,1000,0
413064791,0,5505042,24.0,0,0,0,34.906586,0.0007202529,1.9162681e-07,1000,0
414070752,0,5505042,24.0,0,0,0,34.906586,0.0007158806,2.3710608e-07,1000,0
415081809,0,5505042,24.0,0,0,0,34.906586,0.0007299278,2.5747093e-07,1000,0
416092712,0,5505042,24.0,0,0,0,34.906586,0.0007388538,2.518371e-07,1000,0
417100734,0,5505042,24.0,0,0,0,34.906586,0.00072840776,3.1590807e-07,1000,0
418111877,0,5505042,24.0,0,0,0,34.906586,0.0007368699,1.9912318e-07,1000,0
419120794,0,5505042,24.0,0,0,0,34.906586,0.00074815116,2.374977e-07,1000,0
420132744,0,5505042,24.0,0,0,0,34.906586,0.0007654145,7.969003e-07,1000,0
421142751,0,5505042,24.0,0,0,0,34.906586,0.00074909616,1.76817e-06,1000,0
422152725,0,5505042,24.0,0,0,0,34.906586,0.0006534233,1.7037145e-06,1000,0
423162937,0,5505042,24.0,0,0,0,34.906586,0.00075213955,9.325932e-07,1000,0
424170915,0,5505042,24.0,0,0,0,34.906586,0.00064565503,4.0351685e-07,1000,0
425083955,0,5505042,24.0,0,0,0,34.906586,0.00053474883,2.633225e-07,1000,0
426089727,0,5505042,24.0,0,0,0,34.906586,0.0006037374,2.7235143e-07,1000,0
427099906,0,5505042,24.0,0,0,0,34.906586,0.0006572748,1.8978135e-07,1000,0
428107885,0,5505042,24.0,0,0,0,34.906586,0.0007398396,1.901176e-07,1000,0
429115815,0,5505042,24.0,0,0,0,34.906586,0.0006485277,1.5209633e-07,1000,0
430122812,0,5505042,24.0,0,0,0,34.906586,0.0005807286,1.5457076e-07,1000,0
431130727,0,5505042,24.0,0,0,0,34.906586,0.0006164907,5.242187e-07,1000,0
432142026,0,5505042,24.0,0,0,0,34.906586,0.00062188256,6.9915893e-07,1000,0
433152763,0,5505042,24.0,0,0,0,34.906586,0.00062762905,1.3312297e-06,1000,0
434159809,0,5505042,24.0,0,0,0,34.906586,0.0006029773,8.571228e-07,1000,0
435166816,0,5505042,25.0,0,0,0,34.906586,0.0005870526,4.6073703e-07,1000,0
436176830,0,5505042,24.0,0,0,0,34.906586,0.0006186428,2.6010161e-07,1000,0
437185720,0,5505042,24.0,0,0,0,34.906586,0.0006222431,1.7326991e-07,1000,0
438194745,0,5505042,25.0,0,0,0,34.906586,0.000615329,2.0602515e-07,1000,0
439203817,0,5505042,24.0,0,0,0,34.906586,0.0005737682,8.9623995e-07,1000,0
440112941,0,5505042,24.0,0,0,0,34.906586,0.0007299061,2.119572e-06,1000,0
441118835,0,5505042,24.0,0,0,0,34.906586,0.00088715676,3.104188e-06,1000,0
442127812,0,5505042,24.0,0,0,0,34.906586,0.00090382755,2.680992e-06,1000,0
443136855,0,5505042,24.0,0,0,0,34.906586,0.00078156334,1.2975389e-06,1000,0
444146804,0,5505042,24.0,0,0,0,34.906586,0.0007196976,3.852471e-07,1000,0
445155808,0,5505042,25.0,0,0,0,34.906586,0.00070256006,2.5254874e-07,1000,0
446162737,0,5505042,24.0,0,0,0,34.906586,0.00077424356,2.7009446e-07,1000,0
447173817,0,5505042,24.0,0,0,0,34.906586,0.00072668603,2.1185026e-07,1000,0
448186737,0,5505042,24.0,0,0,0,34.906586,0.000771229,2.4749926e-07,1000,0
449197747,0,5505042,25.0,0,0,0,34.906586,0.0007788237,1.7599807e-07,1000,0
450205823,0,5505042,24.0,0,0,0,34.906586,0.00074624247,2.1647715e-07,1000,0
451217793,0,5505042,25.0,0,0,0,34.906586,0.0007505064,2.6542028e-07,1000,0
452228843,0,5505042,24.0,0,0,0,34.906586,0.0008416346,2.6969937e-07,1000,0
453138727,0,5505042,25.0,0,0,0,34.906586,0.0008036824,2.740351e-07,1000,0
454149834,0,5505042,24.0,0,0,0,34.906586,0.00076247886,3.0114927e-07,1000,0
455159832,0,5505042,25.0,0,0,0,34.906586,0.0007287755,7.2807194e-07,1000,0
456172873,0,5505042,24.0,0,0,0,34.906586,0.0007047483,1.0504955e-06,1000,0
457182817,0,5505042,25.0,0,0,0,34.906586,0.0006372525,1.4961759e-06,1000,0
458196739,0,5505042,25.0,0,0,0,34.906586,0.0005313466,1.2188339e-06,1000,0
459205746,0,5505042,25.0,0,0,0,34.906586,0.00055738864,1.188632e-06,1000,0
460215818,0,5505042,25.0,0,0,0,34.906586,0.00069476716,3.6105484e-07,1000,0
461222730,0,5505042,24.0,0,0,0,34.906586,0.00060959347,2.0504513e-07,1000,0
462230717,0,5505042,24.0,0,0,0,34.906586,0.0005344842,1.594615e-07,1000,0
463247819,0,5505042,24.0,0,0,0,34.906586,0.00051313714,1.220419e-07,1000,0
464155814,0,5505042,24.0,0,0,0,34.906586,0.00051225856,1.0604916e-07,1000,0
465164756,0,5505042,24.0,0,0,0,34.906586,0.00048870494,1.0498989e-07,1000,0
466176716,0,5505042,24.0,0,0,0,34.906586,0.00051538466,1.2834774e-07,1000,0
467186712,0,5505042,24.0,0,0,0,34.906586,0.00053479854,1.1224088e-07,1000,0
468196721,0,5505042,23.0,0,0,0,34.906586,0.0005850802,1.7312908e-07,1000,0
469205931,0,5505042,23.0,0,0,0,34.906586,0.0005134884,1.0279001e-07,1000,0
470215819,0,5505042,24.0,0,0,0,34.906586,0.0004927342,9.538523e-08,1000,0
471227744,0,5505042,23.0,0,0,0,34.906586,0.00049526413,1.1210503e-07,1000,0
472241752,0,5505042,23.0,0,0,0,34.906586,0.00050346786,1.0814055e-07,1000,0
473249805,0,5505042,23.0,0,0,0,34.906586,0.0005250472,1.3680437e-07,1000,0
474259812,0,5505042,23.0,0,0,0,34.906586,0.00051406247,1.1376446e-07,1000,0
475168829,0,5505042,23.0,0,0,0,34.906586,0.0005190332,1.2305114e-07,1000,0
476179793,0,5505042,23.0,0,0,0,34.906586,0.0005204461,1.2145658e-07,1000,0
477189720,0,5505042,23.0,0,0,0,34.906586,0.00048663648,1.5166127e-07,1000,0
478200726,0,5505042,23.0,0,0,0,34.906586,0.000472396,1.526057e-07,1000,0
479207811,0,5505042,23.0,0,0,0,34.906586,0.00049996603,2.3801093e-07,1000,0
480216751,0,5505042,23.0,0,0,0,34.906586,0.00056801055,4.300085e-07,1000,0
481229722,0,5505042,23.0,0,0,0,34.906586,0.0006387765,2.386691e-07,1000,0
482236818,0,5505042,23.0,0,0,0,34.906586,0.00055790675,1.869629e-07,1000,0
483245820,0,5505042,23.0,0,0,0,34.906586,0.00054338085,1.9384626e-07,1000,0
484255820,0,5505042,23.0,0,0,0,34.906586,0.00048344478,3.360493e-07,1000,0
485265764,0,5505042,23.0,0,0,0,34.906586,0.00042770046,2.144306e-07,1000,0
486177825,0,5505042,23.0,0,0,0,34.906586,0.0005504423,2.1078677e-07,1000,0
487190813,0,5505042,23.0,0,0,0,34.906586,0.00047084823,1.7057826e-07,1000,0
488201770,0,5505042,23.0,0,0,0,34.906586,0.0008197746,1.8739393e-06,1000,0
491228716,0,5505042,23.0,0,0,0,34.906586,0.00079587166,2.024407e-06,1000,0
492235811,0,5505042,23.0,0,0,0,34.906586,0.00087551377,2.5257498e-06,1000,0
493240754,0,5505042,23.0,0,0,0,34.906586,0.0008188908,1.7332505e-06,1000,0
494251834,0,5505042,23.0,0,0,0,34.906586,0.0008611819,2.2387835e-06,1000,0
495264812,0,5505042,23.0,0,0,0,34.906586,0.00047881174,3.9677735e-07,1000,0
496274035,0,5505042,23.0,0,0,0,34.906586,0.00017819343,5.488871e-08,1000,0
497284742,0,5505042,23.0,0,0,0,34.906586,0.000116142146,1.2306713e-08,1000,0
